[16:49:58] INFO L:44-find_datasets: Start searching for datasets:
[16:50:00] INFO L:33-main: DEVICE: cuda
[16:50:00] I_INFO L:313-<module>: Tensorboard logs: /data/dust/user/langlovi/HH_DNN/tensorboard/A(11)_bash
[16:50:00] INFO L:43-main: Trainings fold: 0/4
[16:50:00] I_INFO L:341-get_data: Loading cache from /data/dust/user/langlovi/HH_DNN/cache/76b3342618
[16:50:18] INFO L:45-load_cache: Done loading cache
[16:50:58] INFO L:69-main: Start creation of Sampler
[16:50:58] DEBUG L:551-create_sampler: Add dy pid: 51001 to Train Sampler
[16:50:58] DEBUG L:551-create_sampler: Add dy pid: 51718 to Train Sampler
[16:50:59] DEBUG L:551-create_sampler: Add dy pid: 51719 to Train Sampler
[16:50:59] DEBUG L:551-create_sampler: Add dy pid: 51694 to Train Sampler
[16:50:59] DEBUG L:551-create_sampler: Add dy pid: 51661 to Train Sampler
[16:50:59] DEBUG L:551-create_sampler: Add dy pid: 51677 to Train Sampler
[16:50:59] DEBUG L:551-create_sampler: Add dy pid: 51695 to Train Sampler
[16:50:59] DEBUG L:551-create_sampler: Add dy pid: 51669 to Train Sampler
[16:50:59] DEBUG L:551-create_sampler: Add dy pid: 51685 to Train Sampler
[16:50:59] DEBUG L:551-create_sampler: Add dy pid: 51697 to Train Sampler
[16:50:59] DEBUG L:551-create_sampler: Add dy pid: 51698 to Train Sampler
[16:50:59] DEBUG L:551-create_sampler: Add dy pid: 51662 to Train Sampler
[16:50:59] DEBUG L:551-create_sampler: Add dy pid: 51678 to Train Sampler
[16:50:59] DEBUG L:551-create_sampler: Add tt pid: 1200 to Train Sampler
[16:51:00] DEBUG L:551-create_sampler: Add tt pid: 1300 to Train Sampler
[16:51:00] DEBUG L:551-create_sampler: Add tt pid: 1100 to Train Sampler
[16:51:00] DEBUG L:551-create_sampler: Add hh pid: 21101 to Train Sampler
[16:51:00] INFO L:360-calculate_sample_size: Calculate Sampler sample sizes for subprocesses of dy
[16:51:00] DEBUG L:456-calculate_sample_size: {51001: 548, 51718: 5653, 51719: 151, 51694: 405, 51661: 401, 51677: 57, 51695: 3, 51669: 2882, 51685: 761, 51697: 1601, 51698: 20, 51662: 1003, 51678: 168}
[16:51:00] INFO L:360-calculate_sample_size: Calculate Sampler sample sizes for subprocesses of tt
[16:51:00] DEBUG L:456-calculate_sample_size: {1200: 5412, 1300: 38, 1100: 8203}
[16:51:00] INFO L:360-calculate_sample_size: Calculate Sampler sample sizes for subprocesses of hh
[16:51:00] DEBUG L:456-calculate_sample_size: {21101: 13653}
[16:51:00] DEBUG L:551-create_sampler: Add dy pid: 51001 to Validation Sampler
[16:51:00] DEBUG L:551-create_sampler: Add dy pid: 51718 to Validation Sampler
[16:51:01] DEBUG L:551-create_sampler: Add dy pid: 51719 to Validation Sampler
[16:51:01] DEBUG L:551-create_sampler: Add dy pid: 51694 to Validation Sampler
[16:51:01] DEBUG L:551-create_sampler: Add dy pid: 51661 to Validation Sampler
[16:51:01] DEBUG L:551-create_sampler: Add dy pid: 51677 to Validation Sampler
[16:51:01] DEBUG L:551-create_sampler: Add dy pid: 51695 to Validation Sampler
[16:51:01] DEBUG L:551-create_sampler: Add dy pid: 51669 to Validation Sampler
[16:51:01] DEBUG L:551-create_sampler: Add dy pid: 51685 to Validation Sampler
[16:51:01] DEBUG L:551-create_sampler: Add dy pid: 51697 to Validation Sampler
[16:51:01] DEBUG L:551-create_sampler: Add dy pid: 51698 to Validation Sampler
[16:51:01] DEBUG L:551-create_sampler: Add dy pid: 51662 to Validation Sampler
[16:51:01] DEBUG L:551-create_sampler: Add dy pid: 51678 to Validation Sampler
[16:51:01] DEBUG L:551-create_sampler: Add tt pid: 1200 to Validation Sampler
[16:51:01] DEBUG L:551-create_sampler: Add tt pid: 1300 to Validation Sampler
[16:51:01] DEBUG L:551-create_sampler: Add tt pid: 1100 to Validation Sampler
[16:51:01] DEBUG L:551-create_sampler: Add hh pid: 21101 to Validation Sampler
[16:51:01] INFO L:94-main: Start model building and configuration
[16:51:01] INFO L:282-get_batch_statistics_from_sampler: Calculate mean and std over all subphase spaces
[16:52:12] DEBUG L:331-get_batch_statistics_from_sampler: 
reg_dnn_moe_met_px            : mean:     14.97 var: 2.745e+03
reg_dnn_moe_met_py            : mean:  -0.03079 var: 1.566e+03
reg_dnn_moe_met_cov00         : mean: 2.532e+03 var: 2.246e+08
reg_dnn_moe_met_cov01         : mean:    -2.256 var: 1.049e+07
reg_dnn_moe_met_cov11         : mean: 2.525e+03 var: 2.113e+08
reg_dnn_moe_vis_tau1_px       : mean:     50.96 var: 1.874e+03
reg_dnn_moe_vis_tau1_py       : mean:  -0.02909 var:     827.3
reg_dnn_moe_vis_tau1_pz       : mean:   -0.9774 var: 1.412e+04
reg_dnn_moe_vis_tau1_e        : mean:     108.2 var: 7.587e+03
reg_dnn_moe_vis_tau2_px       : mean:     33.99 var: 1.656e+03
reg_dnn_moe_vis_tau2_py       : mean:   0.02909 var:     827.3
reg_dnn_moe_vis_tau2_pz       : mean:   -0.4975 var: 9.237e+03
reg_dnn_moe_vis_tau2_e        : mean:     87.96 var: 5.346e+03
reg_dnn_moe_bjet1_px          : mean:     -75.8 var: 5.958e+03
reg_dnn_moe_bjet1_py          : mean:   -0.1982 var: 4.063e+03
reg_dnn_moe_bjet1_pz          : mean:     1.282 var:  4.41e+04
reg_dnn_moe_bjet1_e           : mean:     192.5 var: 2.316e+04
reg_dnn_moe_bjet1_tag_b       : mean:    0.4719 var:    0.1122
reg_dnn_moe_bjet1_tag_cvsb    : mean:    0.4389 var:   0.08308
reg_dnn_moe_bjet1_tag_cvsl    : mean:    0.5101 var:   0.09495
reg_dnn_moe_bjet1_hhbtag      : mean:    0.9981 var:   0.09336
reg_dnn_moe_bjet2_px          : mean:    -18.23 var: 1.475e+03
reg_dnn_moe_bjet2_py          : mean:   -0.0327 var: 1.488e+03
reg_dnn_moe_bjet2_pz          : mean:    0.5474 var:  1.12e+04
reg_dnn_moe_bjet2_e           : mean:     92.46 var: 6.016e+03
reg_dnn_moe_bjet2_tag_b       : mean:     0.358 var:     0.127
reg_dnn_moe_bjet2_tag_cvsb    : mean:    0.5103 var:    0.0879
reg_dnn_moe_bjet2_tag_cvsl    : mean:    0.4087 var:    0.1124
reg_dnn_moe_bjet2_hhbtag      : mean:    0.8806 var:   0.08604
reg_dnn_moe_fatjet_px         : mean:    -13.48 var: 5.541e+03
reg_dnn_moe_fatjet_py         : mean:   0.02156 var: 1.153e+03
reg_dnn_moe_fatjet_pz         : mean:   -0.1854 var: 1.394e+04
reg_dnn_moe_fatjet_e          : mean:     31.22 var: 2.034e+04
reg_dnn_moe_htt_e             : mean:     196.2 var: 1.415e+04
reg_dnn_moe_htt_px            : mean:     84.95 var: 2.549e+03
reg_dnn_moe_htt_py            : mean: 4.772e-10 var: 4.119e-12
reg_dnn_moe_htt_pz            : mean:    -1.475 var: 3.239e+04
reg_dnn_moe_hbb_e             : mean:     284.9 var: 3.487e+04
reg_dnn_moe_hbb_px            : mean:    -94.04 var: 7.025e+03
reg_dnn_moe_hbb_py            : mean:   -0.2309 var: 3.665e+03
reg_dnn_moe_hbb_pz            : mean:     1.829 var: 6.998e+04
reg_dnn_moe_htthbb_e          : mean:     481.1 var: 5.887e+04
reg_dnn_moe_htthbb_px         : mean:    -9.086 var: 5.184e+03
reg_dnn_moe_htthbb_py         : mean:   -0.2309 var: 3.665e+03
reg_dnn_moe_htthbb_pz         : mean:    0.3544 var: 1.402e+05
reg_dnn_moe_httfatjet_e       : mean:     47.17 var: 4.327e+04
reg_dnn_moe_httfatjet_px      : mean:    -4.095 var:  2.58e+03
reg_dnn_moe_httfatjet_py      : mean:   0.02156 var: 1.153e+03
reg_dnn_moe_httfatjet_pz      : mean:   -0.2727 var: 2.346e+04
reg_dnn_moe_nu1_px            : mean:     20.35 var:     614.9
reg_dnn_moe_nu1_py            : mean:  -0.03483 var:     267.7
reg_dnn_moe_nu1_pz            : mean:   -0.1733 var: 2.762e+03
reg_dnn_moe_nu2_px            : mean:     12.91 var:     361.5
reg_dnn_moe_nu2_py            : mean:   0.07222 var:     196.7
reg_dnn_moe_nu2_pz            : mean:   -0.4041 var: 1.602e+03
[16:52:12] DEBUG L:68-normalized_weight_decay: 	Normalize weight decay factor by number of parameters to: 0.0018253504672897196
[16:52:15] INFO L:121-main: Start training loop
[16:52:15] TRAINING L:313-<module>: T-It: 0 - LR: 0.001/[0.001] - batch loss: 1.07E+00
[16:52:15] INFO L:146-main: Iteration 0. Start evaluation of training data.
[16:52:28] INFO L:108-log_metrics: Start train Logs at iteration 0
[16:52:49] INFO L:193-main: Iteration 0. Start evaluation of validation data.
[16:52:53] INFO L:108-log_metrics: Start validation Logs at iteration 0
[16:53:02] TRAINING L:313-<module>: Iteration: 0 - TLoss: 1.64E+00 VLoss: 1.56E+00
[16:53:02] INFO L:97-check_criteria: Checkpoint criteria trigger started at 1.555220E+00 - after 0 waiting epochs
[16:53:03] TRAINING L:313-<module>: T-It: 5 - LR: 0.001/[0.001] - batch loss: 7.74E-01
[16:53:03] TRAINING L:313-<module>: T-It: 10 - LR: 0.001/[0.001] - batch loss: 6.26E-01
[16:53:03] TRAINING L:313-<module>: T-It: 15 - LR: 0.001/[0.001] - batch loss: 5.26E-01
[16:53:03] TRAINING L:313-<module>: T-It: 20 - LR: 0.001/[0.001] - batch loss: 4.70E-01
[16:53:04] TRAINING L:313-<module>: T-It: 25 - LR: 0.001/[0.001] - batch loss: 4.36E-01
[16:53:04] TRAINING L:313-<module>: T-It: 30 - LR: 0.001/[0.001] - batch loss: 4.11E-01
[16:53:04] TRAINING L:313-<module>: T-It: 35 - LR: 0.001/[0.001] - batch loss: 4.10E-01
[16:53:04] TRAINING L:313-<module>: T-It: 40 - LR: 0.001/[0.001] - batch loss: 3.99E-01
[16:53:05] TRAINING L:313-<module>: T-It: 45 - LR: 0.001/[0.001] - batch loss: 3.94E-01
[16:53:05] TRAINING L:313-<module>: T-It: 50 - LR: 0.001/[0.001] - batch loss: 3.95E-01
[16:53:05] TRAINING L:313-<module>: T-It: 55 - LR: 0.001/[0.001] - batch loss: 3.84E-01
[16:53:05] TRAINING L:313-<module>: T-It: 60 - LR: 0.001/[0.001] - batch loss: 3.79E-01
[16:53:06] TRAINING L:313-<module>: T-It: 65 - LR: 0.001/[0.001] - batch loss: 3.75E-01
[16:53:06] TRAINING L:313-<module>: T-It: 70 - LR: 0.001/[0.001] - batch loss: 3.77E-01
[16:53:06] TRAINING L:313-<module>: T-It: 75 - LR: 0.001/[0.001] - batch loss: 3.73E-01
[16:53:06] TRAINING L:313-<module>: T-It: 80 - LR: 0.001/[0.001] - batch loss: 3.72E-01
[16:53:07] TRAINING L:313-<module>: T-It: 85 - LR: 0.001/[0.001] - batch loss: 3.71E-01
[16:53:07] TRAINING L:313-<module>: T-It: 90 - LR: 0.001/[0.001] - batch loss: 3.66E-01
[16:53:07] TRAINING L:313-<module>: T-It: 95 - LR: 0.001/[0.001] - batch loss: 3.63E-01
[16:53:07] TRAINING L:313-<module>: T-It: 100 - LR: 0.001/[0.001] - batch loss: 3.67E-01
[16:53:07] INFO L:193-main: Iteration 100. Start evaluation of validation data.
[16:53:12] INFO L:108-log_metrics: Start validation Logs at iteration 100
[16:53:20] TRAINING L:313-<module>: Iteration: 100 - TLoss: 1.64E+00 VLoss: 3.86E-01
[16:53:20] INFO L:97-check_criteria: Checkpoint criteria trigger started at 3.863078E-01 - after 0 waiting epochs
[16:53:21] TRAINING L:313-<module>: T-It: 105 - LR: 0.001/[0.001] - batch loss: 3.66E-01
[16:53:21] TRAINING L:313-<module>: T-It: 110 - LR: 0.001/[0.001] - batch loss: 3.58E-01
[16:53:21] TRAINING L:313-<module>: T-It: 115 - LR: 0.001/[0.001] - batch loss: 3.58E-01
[16:53:22] TRAINING L:313-<module>: T-It: 120 - LR: 0.001/[0.001] - batch loss: 3.57E-01
[16:53:22] TRAINING L:313-<module>: T-It: 125 - LR: 0.001/[0.001] - batch loss: 3.54E-01
[16:53:22] TRAINING L:313-<module>: T-It: 130 - LR: 0.001/[0.001] - batch loss: 3.58E-01
[16:53:22] TRAINING L:313-<module>: T-It: 135 - LR: 0.001/[0.001] - batch loss: 3.59E-01
[16:53:23] TRAINING L:313-<module>: T-It: 140 - LR: 0.001/[0.001] - batch loss: 3.59E-01
[16:53:23] TRAINING L:313-<module>: T-It: 145 - LR: 0.001/[0.001] - batch loss: 3.45E-01
[16:53:23] TRAINING L:313-<module>: T-It: 150 - LR: 0.001/[0.001] - batch loss: 3.47E-01
[16:53:23] TRAINING L:313-<module>: T-It: 155 - LR: 0.001/[0.001] - batch loss: 3.52E-01
[16:53:24] TRAINING L:313-<module>: T-It: 160 - LR: 0.001/[0.001] - batch loss: 3.52E-01
[16:53:24] TRAINING L:313-<module>: T-It: 165 - LR: 0.001/[0.001] - batch loss: 3.54E-01
[16:53:24] TRAINING L:313-<module>: T-It: 170 - LR: 0.001/[0.001] - batch loss: 3.51E-01
[16:53:24] TRAINING L:313-<module>: T-It: 175 - LR: 0.001/[0.001] - batch loss: 3.52E-01
[16:53:25] TRAINING L:313-<module>: T-It: 180 - LR: 0.001/[0.001] - batch loss: 3.46E-01
[16:53:25] TRAINING L:313-<module>: T-It: 185 - LR: 0.001/[0.001] - batch loss: 3.47E-01
[16:53:25] TRAINING L:313-<module>: T-It: 190 - LR: 0.001/[0.001] - batch loss: 3.42E-01
[16:53:25] TRAINING L:313-<module>: T-It: 195 - LR: 0.001/[0.001] - batch loss: 3.45E-01
[16:53:25] TRAINING L:313-<module>: T-It: 200 - LR: 0.001/[0.001] - batch loss: 3.39E-01
[16:53:25] INFO L:193-main: Iteration 200. Start evaluation of validation data.
[16:53:30] INFO L:108-log_metrics: Start validation Logs at iteration 200
[16:53:39] TRAINING L:313-<module>: Iteration: 200 - TLoss: 1.64E+00 VLoss: 3.53E-01
[16:53:39] INFO L:97-check_criteria: Checkpoint criteria trigger started at 3.528281E-01 - after 0 waiting epochs
[16:53:39] TRAINING L:313-<module>: T-It: 205 - LR: 0.001/[0.001] - batch loss: 3.36E-01
[16:53:39] TRAINING L:313-<module>: T-It: 210 - LR: 0.001/[0.001] - batch loss: 3.42E-01
[16:53:39] TRAINING L:313-<module>: T-It: 215 - LR: 0.001/[0.001] - batch loss: 3.31E-01
[16:53:40] TRAINING L:313-<module>: T-It: 220 - LR: 0.001/[0.001] - batch loss: 3.34E-01
[16:53:40] TRAINING L:313-<module>: T-It: 225 - LR: 0.001/[0.001] - batch loss: 3.36E-01
[16:53:40] TRAINING L:313-<module>: T-It: 230 - LR: 0.001/[0.001] - batch loss: 3.35E-01
[16:53:40] TRAINING L:313-<module>: T-It: 235 - LR: 0.001/[0.001] - batch loss: 3.31E-01
[16:53:41] TRAINING L:313-<module>: T-It: 240 - LR: 0.001/[0.001] - batch loss: 3.33E-01
[16:53:41] TRAINING L:313-<module>: T-It: 245 - LR: 0.001/[0.001] - batch loss: 3.29E-01
[16:53:41] TRAINING L:313-<module>: T-It: 250 - LR: 0.001/[0.001] - batch loss: 3.33E-01
[16:53:41] TRAINING L:313-<module>: T-It: 255 - LR: 0.001/[0.001] - batch loss: 3.41E-01
[16:53:42] TRAINING L:313-<module>: T-It: 260 - LR: 0.001/[0.001] - batch loss: 3.28E-01
[16:53:42] TRAINING L:313-<module>: T-It: 265 - LR: 0.001/[0.001] - batch loss: 3.32E-01
[16:53:42] TRAINING L:313-<module>: T-It: 270 - LR: 0.001/[0.001] - batch loss: 3.30E-01
[16:53:42] TRAINING L:313-<module>: T-It: 275 - LR: 0.001/[0.001] - batch loss: 3.26E-01
[16:53:42] TRAINING L:313-<module>: T-It: 280 - LR: 0.001/[0.001] - batch loss: 3.26E-01
[16:53:43] TRAINING L:313-<module>: T-It: 285 - LR: 0.001/[0.001] - batch loss: 3.25E-01
[16:53:43] TRAINING L:313-<module>: T-It: 290 - LR: 0.001/[0.001] - batch loss: 3.23E-01
[16:53:43] TRAINING L:313-<module>: T-It: 295 - LR: 0.001/[0.001] - batch loss: 3.31E-01
[16:53:43] TRAINING L:313-<module>: T-It: 300 - LR: 0.001/[0.001] - batch loss: 3.24E-01
[16:53:43] INFO L:193-main: Iteration 300. Start evaluation of validation data.
[16:53:48] INFO L:108-log_metrics: Start validation Logs at iteration 300
[16:53:56] TRAINING L:313-<module>: Iteration: 300 - TLoss: 1.64E+00 VLoss: 3.07E-01
[16:53:56] INFO L:97-check_criteria: Checkpoint criteria trigger started at 3.072233E-01 - after 0 waiting epochs
[16:53:57] TRAINING L:313-<module>: T-It: 305 - LR: 0.001/[0.001] - batch loss: 3.23E-01
[16:53:57] TRAINING L:313-<module>: T-It: 310 - LR: 0.001/[0.001] - batch loss: 3.25E-01
[16:53:57] TRAINING L:313-<module>: T-It: 315 - LR: 0.001/[0.001] - batch loss: 3.24E-01
[16:53:58] TRAINING L:313-<module>: T-It: 320 - LR: 0.001/[0.001] - batch loss: 3.26E-01
[16:53:58] TRAINING L:313-<module>: T-It: 325 - LR: 0.001/[0.001] - batch loss: 3.24E-01
[16:53:58] TRAINING L:313-<module>: T-It: 330 - LR: 0.001/[0.001] - batch loss: 3.22E-01
[16:53:58] TRAINING L:313-<module>: T-It: 335 - LR: 0.001/[0.001] - batch loss: 3.22E-01
[16:53:59] TRAINING L:313-<module>: T-It: 340 - LR: 0.001/[0.001] - batch loss: 3.25E-01
[16:53:59] TRAINING L:313-<module>: T-It: 345 - LR: 0.001/[0.001] - batch loss: 3.17E-01
[16:53:59] TRAINING L:313-<module>: T-It: 350 - LR: 0.001/[0.001] - batch loss: 3.23E-01
[16:53:59] TRAINING L:313-<module>: T-It: 355 - LR: 0.001/[0.001] - batch loss: 3.17E-01
[16:53:59] TRAINING L:313-<module>: T-It: 360 - LR: 0.001/[0.001] - batch loss: 3.24E-01
[16:54:00] TRAINING L:313-<module>: T-It: 365 - LR: 0.001/[0.001] - batch loss: 3.18E-01
[16:54:00] TRAINING L:313-<module>: T-It: 370 - LR: 0.001/[0.001] - batch loss: 3.22E-01
[16:54:00] TRAINING L:313-<module>: T-It: 375 - LR: 0.001/[0.001] - batch loss: 3.16E-01
[16:54:00] TRAINING L:313-<module>: T-It: 380 - LR: 0.001/[0.001] - batch loss: 3.16E-01
[16:54:01] TRAINING L:313-<module>: T-It: 385 - LR: 0.001/[0.001] - batch loss: 3.21E-01
[16:54:01] TRAINING L:313-<module>: T-It: 390 - LR: 0.001/[0.001] - batch loss: 3.17E-01
[16:54:01] TRAINING L:313-<module>: T-It: 395 - LR: 0.001/[0.001] - batch loss: 3.17E-01
[16:54:01] TRAINING L:313-<module>: T-It: 400 - LR: 0.001/[0.001] - batch loss: 3.17E-01
[16:54:01] INFO L:193-main: Iteration 400. Start evaluation of validation data.
[16:54:06] INFO L:108-log_metrics: Start validation Logs at iteration 400
[16:54:15] TRAINING L:313-<module>: Iteration: 400 - TLoss: 1.64E+00 VLoss: 3.29E-01
[16:54:15] TRAINING L:313-<module>: T-It: 405 - LR: 0.001/[0.001] - batch loss: 3.24E-01
[16:54:15] TRAINING L:313-<module>: T-It: 410 - LR: 0.001/[0.001] - batch loss: 3.14E-01
[16:54:16] TRAINING L:313-<module>: T-It: 415 - LR: 0.001/[0.001] - batch loss: 3.14E-01
[16:54:16] TRAINING L:313-<module>: T-It: 420 - LR: 0.001/[0.001] - batch loss: 3.16E-01
[16:54:16] TRAINING L:313-<module>: T-It: 425 - LR: 0.001/[0.001] - batch loss: 3.09E-01
[16:54:16] TRAINING L:313-<module>: T-It: 430 - LR: 0.001/[0.001] - batch loss: 3.14E-01
[16:54:17] TRAINING L:313-<module>: T-It: 435 - LR: 0.001/[0.001] - batch loss: 3.15E-01
[16:54:17] TRAINING L:313-<module>: T-It: 440 - LR: 0.001/[0.001] - batch loss: 3.18E-01
[16:54:17] TRAINING L:313-<module>: T-It: 445 - LR: 0.001/[0.001] - batch loss: 3.11E-01
[16:54:17] TRAINING L:313-<module>: T-It: 450 - LR: 0.001/[0.001] - batch loss: 3.15E-01
[16:54:18] TRAINING L:313-<module>: T-It: 455 - LR: 0.001/[0.001] - batch loss: 3.09E-01
[16:54:18] TRAINING L:313-<module>: T-It: 460 - LR: 0.001/[0.001] - batch loss: 3.05E-01
[16:54:18] TRAINING L:313-<module>: T-It: 465 - LR: 0.001/[0.001] - batch loss: 3.15E-01
[16:54:18] TRAINING L:313-<module>: T-It: 470 - LR: 0.001/[0.001] - batch loss: 3.20E-01
[16:54:19] TRAINING L:313-<module>: T-It: 475 - LR: 0.001/[0.001] - batch loss: 3.13E-01
[16:54:19] TRAINING L:313-<module>: T-It: 480 - LR: 0.001/[0.001] - batch loss: 3.15E-01
[16:54:19] TRAINING L:313-<module>: T-It: 485 - LR: 0.001/[0.001] - batch loss: 3.17E-01
[16:54:19] TRAINING L:313-<module>: T-It: 490 - LR: 0.001/[0.001] - batch loss: 3.20E-01
[16:54:20] TRAINING L:313-<module>: T-It: 495 - LR: 0.001/[0.001] - batch loss: 3.11E-01
[16:54:20] TRAINING L:313-<module>: T-It: 500 - LR: 0.001/[0.001] - batch loss: 3.05E-01
[16:54:20] INFO L:146-main: Iteration 500. Start evaluation of training data.
[16:54:32] INFO L:108-log_metrics: Start train Logs at iteration 500
[16:54:52] INFO L:193-main: Iteration 500. Start evaluation of validation data.
[16:54:57] INFO L:108-log_metrics: Start validation Logs at iteration 500
[16:55:06] TRAINING L:313-<module>: Iteration: 500 - TLoss: 3.34E-01 VLoss: 3.13E-01
[16:55:06] TRAINING L:313-<module>: T-It: 505 - LR: 0.001/[0.001] - batch loss: 3.19E-01
[16:55:06] TRAINING L:313-<module>: T-It: 510 - LR: 0.001/[0.001] - batch loss: 3.12E-01
[16:55:06] TRAINING L:313-<module>: T-It: 515 - LR: 0.001/[0.001] - batch loss: 3.15E-01
[16:55:07] TRAINING L:313-<module>: T-It: 520 - LR: 0.001/[0.001] - batch loss: 3.10E-01
[16:55:07] TRAINING L:313-<module>: T-It: 525 - LR: 0.001/[0.001] - batch loss: 3.12E-01
[16:55:07] TRAINING L:313-<module>: T-It: 530 - LR: 0.001/[0.001] - batch loss: 3.07E-01
[16:55:07] TRAINING L:313-<module>: T-It: 535 - LR: 0.001/[0.001] - batch loss: 3.12E-01
[16:55:08] TRAINING L:313-<module>: T-It: 540 - LR: 0.001/[0.001] - batch loss: 3.07E-01
[16:55:08] TRAINING L:313-<module>: T-It: 545 - LR: 0.001/[0.001] - batch loss: 3.07E-01
[16:55:08] TRAINING L:313-<module>: T-It: 550 - LR: 0.001/[0.001] - batch loss: 3.16E-01
[16:55:08] TRAINING L:313-<module>: T-It: 555 - LR: 0.001/[0.001] - batch loss: 3.15E-01
[16:55:09] TRAINING L:313-<module>: T-It: 560 - LR: 0.001/[0.001] - batch loss: 3.12E-01
[16:55:09] TRAINING L:313-<module>: T-It: 565 - LR: 0.001/[0.001] - batch loss: 3.06E-01
[16:55:09] TRAINING L:313-<module>: T-It: 570 - LR: 0.001/[0.001] - batch loss: 3.12E-01
[16:55:09] TRAINING L:313-<module>: T-It: 575 - LR: 0.001/[0.001] - batch loss: 3.07E-01
[16:55:10] TRAINING L:313-<module>: T-It: 580 - LR: 0.001/[0.001] - batch loss: 3.09E-01
[16:55:10] TRAINING L:313-<module>: T-It: 585 - LR: 0.001/[0.001] - batch loss: 3.11E-01
[16:55:10] TRAINING L:313-<module>: T-It: 590 - LR: 0.001/[0.001] - batch loss: 3.11E-01
[16:55:10] TRAINING L:313-<module>: T-It: 595 - LR: 0.001/[0.001] - batch loss: 3.13E-01
[16:55:11] TRAINING L:313-<module>: T-It: 600 - LR: 0.001/[0.001] - batch loss: 3.01E-01
[16:55:11] INFO L:193-main: Iteration 600. Start evaluation of validation data.
[16:55:15] INFO L:108-log_metrics: Start validation Logs at iteration 600
[16:55:24] TRAINING L:313-<module>: Iteration: 600 - TLoss: 3.34E-01 VLoss: 2.69E-01
[16:55:24] INFO L:97-check_criteria: Checkpoint criteria trigger started at 2.687978E-01 - after 2 waiting epochs
[16:55:24] TRAINING L:313-<module>: T-It: 605 - LR: 0.001/[0.001] - batch loss: 3.16E-01
[16:55:24] TRAINING L:313-<module>: T-It: 610 - LR: 0.001/[0.001] - batch loss: 3.07E-01
[16:55:25] TRAINING L:313-<module>: T-It: 615 - LR: 0.001/[0.001] - batch loss: 3.07E-01
[16:55:25] TRAINING L:313-<module>: T-It: 620 - LR: 0.001/[0.001] - batch loss: 3.14E-01
[16:55:25] TRAINING L:313-<module>: T-It: 625 - LR: 0.001/[0.001] - batch loss: 3.01E-01
[16:55:25] TRAINING L:313-<module>: T-It: 630 - LR: 0.001/[0.001] - batch loss: 3.10E-01
[16:55:25] TRAINING L:313-<module>: T-It: 635 - LR: 0.001/[0.001] - batch loss: 3.01E-01
[16:55:26] TRAINING L:313-<module>: T-It: 640 - LR: 0.001/[0.001] - batch loss: 3.08E-01
[16:55:26] TRAINING L:313-<module>: T-It: 645 - LR: 0.001/[0.001] - batch loss: 3.12E-01
[16:55:26] TRAINING L:313-<module>: T-It: 650 - LR: 0.001/[0.001] - batch loss: 3.05E-01
[16:55:26] TRAINING L:313-<module>: T-It: 655 - LR: 0.001/[0.001] - batch loss: 2.98E-01
[16:55:27] TRAINING L:313-<module>: T-It: 660 - LR: 0.001/[0.001] - batch loss: 3.07E-01
[16:55:27] TRAINING L:313-<module>: T-It: 665 - LR: 0.001/[0.001] - batch loss: 3.03E-01
[16:55:27] TRAINING L:313-<module>: T-It: 670 - LR: 0.001/[0.001] - batch loss: 3.08E-01
[16:55:27] TRAINING L:313-<module>: T-It: 675 - LR: 0.001/[0.001] - batch loss: 3.02E-01
[16:55:28] TRAINING L:313-<module>: T-It: 680 - LR: 0.001/[0.001] - batch loss: 3.05E-01
[16:55:28] TRAINING L:313-<module>: T-It: 685 - LR: 0.001/[0.001] - batch loss: 3.08E-01
[16:55:28] TRAINING L:313-<module>: T-It: 690 - LR: 0.001/[0.001] - batch loss: 3.04E-01
[16:55:28] TRAINING L:313-<module>: T-It: 695 - LR: 0.001/[0.001] - batch loss: 3.02E-01
[16:55:29] TRAINING L:313-<module>: T-It: 700 - LR: 0.001/[0.001] - batch loss: 3.09E-01
[16:55:29] INFO L:193-main: Iteration 700. Start evaluation of validation data.
[16:55:33] INFO L:108-log_metrics: Start validation Logs at iteration 700
[16:55:42] TRAINING L:313-<module>: Iteration: 700 - TLoss: 3.34E-01 VLoss: 3.40E-01
[16:55:42] TRAINING L:313-<module>: T-It: 705 - LR: 0.001/[0.001] - batch loss: 3.05E-01
[16:55:42] TRAINING L:313-<module>: T-It: 710 - LR: 0.001/[0.001] - batch loss: 3.07E-01
[16:55:43] TRAINING L:313-<module>: T-It: 715 - LR: 0.001/[0.001] - batch loss: 3.03E-01
[16:55:43] TRAINING L:313-<module>: T-It: 720 - LR: 0.001/[0.001] - batch loss: 2.98E-01
[16:55:43] TRAINING L:313-<module>: T-It: 725 - LR: 0.001/[0.001] - batch loss: 3.01E-01
[16:55:43] TRAINING L:313-<module>: T-It: 730 - LR: 0.001/[0.001] - batch loss: 2.95E-01
[16:55:44] TRAINING L:313-<module>: T-It: 735 - LR: 0.001/[0.001] - batch loss: 2.99E-01
[16:55:44] TRAINING L:313-<module>: T-It: 740 - LR: 0.001/[0.001] - batch loss: 3.00E-01
[16:55:44] TRAINING L:313-<module>: T-It: 745 - LR: 0.001/[0.001] - batch loss: 3.03E-01
[16:55:44] TRAINING L:313-<module>: T-It: 750 - LR: 0.001/[0.001] - batch loss: 3.03E-01
[16:55:45] TRAINING L:313-<module>: T-It: 755 - LR: 0.001/[0.001] - batch loss: 3.07E-01
[16:55:45] TRAINING L:313-<module>: T-It: 760 - LR: 0.001/[0.001] - batch loss: 3.01E-01
[16:55:45] TRAINING L:313-<module>: T-It: 765 - LR: 0.001/[0.001] - batch loss: 3.03E-01
[16:55:45] TRAINING L:313-<module>: T-It: 770 - LR: 0.001/[0.001] - batch loss: 3.06E-01
[16:55:45] TRAINING L:313-<module>: T-It: 775 - LR: 0.001/[0.001] - batch loss: 2.95E-01
[16:55:46] TRAINING L:313-<module>: T-It: 780 - LR: 0.001/[0.001] - batch loss: 2.98E-01
[16:55:46] TRAINING L:313-<module>: T-It: 785 - LR: 0.001/[0.001] - batch loss: 2.97E-01
[16:55:46] TRAINING L:313-<module>: T-It: 790 - LR: 0.001/[0.001] - batch loss: 3.01E-01
[16:55:46] TRAINING L:313-<module>: T-It: 795 - LR: 0.001/[0.001] - batch loss: 2.96E-01
[16:55:47] TRAINING L:313-<module>: T-It: 800 - LR: 0.001/[0.001] - batch loss: 2.96E-01
[16:55:47] INFO L:193-main: Iteration 800. Start evaluation of validation data.
[16:55:51] INFO L:108-log_metrics: Start validation Logs at iteration 800
[16:56:00] TRAINING L:313-<module>: Iteration: 800 - TLoss: 3.34E-01 VLoss: 3.09E-01
[16:56:00] TRAINING L:313-<module>: T-It: 805 - LR: 0.001/[0.001] - batch loss: 3.01E-01
[16:56:00] TRAINING L:313-<module>: T-It: 810 - LR: 0.001/[0.001] - batch loss: 2.99E-01
[16:56:00] TRAINING L:313-<module>: T-It: 815 - LR: 0.001/[0.001] - batch loss: 3.03E-01
[16:56:01] TRAINING L:313-<module>: T-It: 820 - LR: 0.001/[0.001] - batch loss: 2.97E-01
[16:56:01] TRAINING L:313-<module>: T-It: 825 - LR: 0.001/[0.001] - batch loss: 2.98E-01
[16:56:01] TRAINING L:313-<module>: T-It: 830 - LR: 0.001/[0.001] - batch loss: 3.02E-01
[16:56:01] TRAINING L:313-<module>: T-It: 835 - LR: 0.001/[0.001] - batch loss: 2.97E-01
[16:56:02] TRAINING L:313-<module>: T-It: 840 - LR: 0.001/[0.001] - batch loss: 2.98E-01
[16:56:02] TRAINING L:313-<module>: T-It: 845 - LR: 0.001/[0.001] - batch loss: 2.97E-01
[16:56:02] TRAINING L:313-<module>: T-It: 850 - LR: 0.001/[0.001] - batch loss: 2.91E-01
[16:56:02] TRAINING L:313-<module>: T-It: 855 - LR: 0.001/[0.001] - batch loss: 2.97E-01
[16:56:03] TRAINING L:313-<module>: T-It: 860 - LR: 0.001/[0.001] - batch loss: 2.99E-01
[16:56:03] TRAINING L:313-<module>: T-It: 865 - LR: 0.001/[0.001] - batch loss: 3.01E-01
[16:56:03] TRAINING L:313-<module>: T-It: 870 - LR: 0.001/[0.001] - batch loss: 3.05E-01
[16:56:03] TRAINING L:313-<module>: T-It: 875 - LR: 0.001/[0.001] - batch loss: 3.02E-01
[16:56:04] TRAINING L:313-<module>: T-It: 880 - LR: 0.001/[0.001] - batch loss: 3.01E-01
[16:56:04] TRAINING L:313-<module>: T-It: 885 - LR: 0.001/[0.001] - batch loss: 2.91E-01
[16:56:04] TRAINING L:313-<module>: T-It: 890 - LR: 0.001/[0.001] - batch loss: 3.03E-01
[16:56:04] TRAINING L:313-<module>: T-It: 895 - LR: 0.001/[0.001] - batch loss: 2.96E-01
[16:56:05] TRAINING L:313-<module>: T-It: 900 - LR: 0.001/[0.001] - batch loss: 2.99E-01
[16:56:05] INFO L:193-main: Iteration 900. Start evaluation of validation data.
[16:56:09] INFO L:108-log_metrics: Start validation Logs at iteration 900
[16:56:18] TRAINING L:313-<module>: Iteration: 900 - TLoss: 3.34E-01 VLoss: 3.01E-01
[16:56:18] TRAINING L:313-<module>: T-It: 905 - LR: 0.001/[0.001] - batch loss: 3.03E-01
[16:56:18] TRAINING L:313-<module>: T-It: 910 - LR: 0.001/[0.001] - batch loss: 2.96E-01
[16:56:18] TRAINING L:313-<module>: T-It: 915 - LR: 0.001/[0.001] - batch loss: 3.00E-01
[16:56:19] TRAINING L:313-<module>: T-It: 920 - LR: 0.001/[0.001] - batch loss: 2.91E-01
[16:56:19] TRAINING L:313-<module>: T-It: 925 - LR: 0.001/[0.001] - batch loss: 2.97E-01
[16:56:20] TRAINING L:313-<module>: T-It: 930 - LR: 0.001/[0.001] - batch loss: 2.96E-01
[16:56:20] TRAINING L:313-<module>: T-It: 935 - LR: 0.001/[0.001] - batch loss: 2.96E-01
[16:56:20] TRAINING L:313-<module>: T-It: 940 - LR: 0.001/[0.001] - batch loss: 3.00E-01
[16:56:20] TRAINING L:313-<module>: T-It: 945 - LR: 0.001/[0.001] - batch loss: 2.99E-01
[16:56:21] TRAINING L:313-<module>: T-It: 950 - LR: 0.001/[0.001] - batch loss: 3.01E-01
[16:56:21] TRAINING L:313-<module>: T-It: 955 - LR: 0.001/[0.001] - batch loss: 3.00E-01
[16:56:21] TRAINING L:313-<module>: T-It: 960 - LR: 0.001/[0.001] - batch loss: 2.95E-01
[16:56:21] TRAINING L:313-<module>: T-It: 965 - LR: 0.001/[0.001] - batch loss: 2.93E-01
[16:56:22] TRAINING L:313-<module>: T-It: 970 - LR: 0.001/[0.001] - batch loss: 2.95E-01
[16:56:22] TRAINING L:313-<module>: T-It: 975 - LR: 0.001/[0.001] - batch loss: 3.01E-01
[16:56:22] TRAINING L:313-<module>: T-It: 980 - LR: 0.001/[0.001] - batch loss: 2.91E-01
[16:56:22] TRAINING L:313-<module>: T-It: 985 - LR: 0.001/[0.001] - batch loss: 2.95E-01
[16:56:22] TRAINING L:313-<module>: T-It: 990 - LR: 0.001/[0.001] - batch loss: 2.90E-01
[16:56:23] TRAINING L:313-<module>: T-It: 995 - LR: 0.001/[0.001] - batch loss: 3.01E-01
[16:56:23] TRAINING L:313-<module>: T-It: 1000 - LR: 0.001/[0.001] - batch loss: 2.86E-01
[16:56:23] INFO L:146-main: Iteration 1000. Start evaluation of training data.
[16:56:35] INFO L:108-log_metrics: Start train Logs at iteration 1000
[16:56:56] INFO L:193-main: Iteration 1000. Start evaluation of validation data.
[16:57:01] INFO L:108-log_metrics: Start validation Logs at iteration 1000
[16:57:09] TRAINING L:313-<module>: Iteration: 1000 - TLoss: 3.25E-01 VLoss: 3.04E-01
[16:57:10] TRAINING L:313-<module>: T-It: 1005 - LR: 0.001/[0.001] - batch loss: 2.92E-01
[16:57:10] TRAINING L:313-<module>: T-It: 1010 - LR: 0.001/[0.001] - batch loss: 2.90E-01
[16:57:10] TRAINING L:313-<module>: T-It: 1015 - LR: 0.001/[0.001] - batch loss: 2.90E-01
[16:57:11] TRAINING L:313-<module>: T-It: 1020 - LR: 0.001/[0.001] - batch loss: 3.01E-01
[16:57:11] TRAINING L:313-<module>: T-It: 1025 - LR: 0.001/[0.001] - batch loss: 2.92E-01
[16:57:11] TRAINING L:313-<module>: T-It: 1030 - LR: 0.001/[0.001] - batch loss: 2.95E-01
[16:57:11] TRAINING L:313-<module>: T-It: 1035 - LR: 0.001/[0.001] - batch loss: 2.96E-01
[16:57:12] TRAINING L:313-<module>: T-It: 1040 - LR: 0.001/[0.001] - batch loss: 2.94E-01
[16:57:12] TRAINING L:313-<module>: T-It: 1045 - LR: 0.001/[0.001] - batch loss: 2.89E-01
[16:57:12] TRAINING L:313-<module>: T-It: 1050 - LR: 0.001/[0.001] - batch loss: 2.94E-01
[16:57:12] TRAINING L:313-<module>: T-It: 1055 - LR: 0.001/[0.001] - batch loss: 2.89E-01
[16:57:13] TRAINING L:313-<module>: T-It: 1060 - LR: 0.001/[0.001] - batch loss: 2.92E-01
[16:57:13] TRAINING L:313-<module>: T-It: 1065 - LR: 0.001/[0.001] - batch loss: 2.88E-01
[16:57:13] TRAINING L:313-<module>: T-It: 1070 - LR: 0.001/[0.001] - batch loss: 2.92E-01
[16:57:13] TRAINING L:313-<module>: T-It: 1075 - LR: 0.001/[0.001] - batch loss: 2.90E-01
[16:57:14] TRAINING L:313-<module>: T-It: 1080 - LR: 0.001/[0.001] - batch loss: 2.95E-01
[16:57:14] TRAINING L:313-<module>: T-It: 1085 - LR: 0.001/[0.001] - batch loss: 2.98E-01
[16:57:14] TRAINING L:313-<module>: T-It: 1090 - LR: 0.001/[0.001] - batch loss: 2.84E-01
[16:57:14] TRAINING L:313-<module>: T-It: 1095 - LR: 0.001/[0.001] - batch loss: 2.94E-01
[16:57:15] TRAINING L:313-<module>: T-It: 1100 - LR: 0.001/[0.001] - batch loss: 2.91E-01
[16:57:15] INFO L:193-main: Iteration 1100. Start evaluation of validation data.
[16:57:19] INFO L:108-log_metrics: Start validation Logs at iteration 1100
[16:57:28] TRAINING L:313-<module>: Iteration: 1100 - TLoss: 3.25E-01 VLoss: 2.88E-01
[16:57:28] TRAINING L:313-<module>: T-It: 1105 - LR: 0.001/[0.001] - batch loss: 2.95E-01
[16:57:28] TRAINING L:313-<module>: T-It: 1110 - LR: 0.001/[0.001] - batch loss: 2.95E-01
[16:57:28] TRAINING L:313-<module>: T-It: 1115 - LR: 0.001/[0.001] - batch loss: 2.93E-01
[16:57:29] TRAINING L:313-<module>: T-It: 1120 - LR: 0.001/[0.001] - batch loss: 2.96E-01
[16:57:29] TRAINING L:313-<module>: T-It: 1125 - LR: 0.001/[0.001] - batch loss: 2.90E-01
[16:57:29] TRAINING L:313-<module>: T-It: 1130 - LR: 0.001/[0.001] - batch loss: 2.91E-01
[16:57:29] TRAINING L:313-<module>: T-It: 1135 - LR: 0.001/[0.001] - batch loss: 2.86E-01
[16:57:30] TRAINING L:313-<module>: T-It: 1140 - LR: 0.001/[0.001] - batch loss: 2.92E-01
[16:57:30] TRAINING L:313-<module>: T-It: 1145 - LR: 0.001/[0.001] - batch loss: 2.97E-01
[16:57:30] TRAINING L:313-<module>: T-It: 1150 - LR: 0.001/[0.001] - batch loss: 3.00E-01
[16:57:30] TRAINING L:313-<module>: T-It: 1155 - LR: 0.001/[0.001] - batch loss: 2.99E-01
[16:57:31] TRAINING L:313-<module>: T-It: 1160 - LR: 0.001/[0.001] - batch loss: 2.88E-01
[16:57:31] TRAINING L:313-<module>: T-It: 1165 - LR: 0.001/[0.001] - batch loss: 2.94E-01
[16:57:31] TRAINING L:313-<module>: T-It: 1170 - LR: 0.001/[0.001] - batch loss: 2.89E-01
[16:57:31] TRAINING L:313-<module>: T-It: 1175 - LR: 0.001/[0.001] - batch loss: 2.95E-01
[16:57:32] TRAINING L:313-<module>: T-It: 1180 - LR: 0.001/[0.001] - batch loss: 2.96E-01
[16:57:32] TRAINING L:313-<module>: T-It: 1185 - LR: 0.001/[0.001] - batch loss: 3.00E-01
[16:57:32] TRAINING L:313-<module>: T-It: 1190 - LR: 0.001/[0.001] - batch loss: 2.91E-01
[16:57:32] TRAINING L:313-<module>: T-It: 1195 - LR: 0.001/[0.001] - batch loss: 2.93E-01
[16:57:33] TRAINING L:313-<module>: T-It: 1200 - LR: 0.001/[0.001] - batch loss: 2.90E-01
[16:57:33] INFO L:193-main: Iteration 1200. Start evaluation of validation data.
[16:57:37] INFO L:108-log_metrics: Start validation Logs at iteration 1200
[16:57:46] TRAINING L:313-<module>: Iteration: 1200 - TLoss: 3.25E-01 VLoss: 2.86E-01
[16:57:46] TRAINING L:313-<module>: T-It: 1205 - LR: 0.001/[0.001] - batch loss: 2.97E-01
[16:57:46] TRAINING L:313-<module>: T-It: 1210 - LR: 0.001/[0.001] - batch loss: 2.85E-01
[16:57:46] TRAINING L:313-<module>: T-It: 1215 - LR: 0.001/[0.001] - batch loss: 2.91E-01
[16:57:47] TRAINING L:313-<module>: T-It: 1220 - LR: 0.001/[0.001] - batch loss: 2.94E-01
[16:57:47] TRAINING L:313-<module>: T-It: 1225 - LR: 0.001/[0.001] - batch loss: 2.94E-01
[16:57:47] TRAINING L:313-<module>: T-It: 1230 - LR: 0.001/[0.001] - batch loss: 2.85E-01
[16:57:47] TRAINING L:313-<module>: T-It: 1235 - LR: 0.001/[0.001] - batch loss: 2.90E-01
[16:57:48] TRAINING L:313-<module>: T-It: 1240 - LR: 0.001/[0.001] - batch loss: 2.88E-01
[16:57:48] TRAINING L:313-<module>: T-It: 1245 - LR: 0.001/[0.001] - batch loss: 2.97E-01
[16:57:48] TRAINING L:313-<module>: T-It: 1250 - LR: 0.001/[0.001] - batch loss: 2.89E-01
[16:57:49] TRAINING L:313-<module>: T-It: 1255 - LR: 0.001/[0.001] - batch loss: 2.94E-01
[16:57:49] TRAINING L:313-<module>: T-It: 1260 - LR: 0.001/[0.001] - batch loss: 2.92E-01
[16:57:49] TRAINING L:313-<module>: T-It: 1265 - LR: 0.001/[0.001] - batch loss: 2.87E-01
[16:57:49] TRAINING L:313-<module>: T-It: 1270 - LR: 0.001/[0.001] - batch loss: 2.89E-01
[16:57:50] TRAINING L:313-<module>: T-It: 1275 - LR: 0.001/[0.001] - batch loss: 2.92E-01
[16:57:50] TRAINING L:313-<module>: T-It: 1280 - LR: 0.001/[0.001] - batch loss: 2.95E-01
[16:57:50] TRAINING L:313-<module>: T-It: 1285 - LR: 0.001/[0.001] - batch loss: 2.91E-01
[16:57:50] TRAINING L:313-<module>: T-It: 1290 - LR: 0.001/[0.001] - batch loss: 2.88E-01
[16:57:51] TRAINING L:313-<module>: T-It: 1295 - LR: 0.001/[0.001] - batch loss: 2.90E-01
[16:57:51] TRAINING L:313-<module>: T-It: 1300 - LR: 0.001/[0.001] - batch loss: 2.87E-01
[16:57:51] INFO L:193-main: Iteration 1300. Start evaluation of validation data.
[16:57:55] INFO L:108-log_metrics: Start validation Logs at iteration 1300
[16:58:04] TRAINING L:313-<module>: Iteration: 1300 - TLoss: 3.25E-01 VLoss: 3.02E-01
[16:58:04] TRAINING L:313-<module>: T-It: 1305 - LR: 0.001/[0.001] - batch loss: 2.87E-01
[16:58:05] TRAINING L:313-<module>: T-It: 1310 - LR: 0.001/[0.001] - batch loss: 2.87E-01
[16:58:05] TRAINING L:313-<module>: T-It: 1315 - LR: 0.001/[0.001] - batch loss: 2.91E-01
[16:58:05] TRAINING L:313-<module>: T-It: 1320 - LR: 0.001/[0.001] - batch loss: 2.84E-01
[16:58:05] TRAINING L:313-<module>: T-It: 1325 - LR: 0.001/[0.001] - batch loss: 2.83E-01
[16:58:06] TRAINING L:313-<module>: T-It: 1330 - LR: 0.001/[0.001] - batch loss: 2.86E-01
[16:58:06] TRAINING L:313-<module>: T-It: 1335 - LR: 0.001/[0.001] - batch loss: 2.88E-01
[16:58:06] TRAINING L:313-<module>: T-It: 1340 - LR: 0.001/[0.001] - batch loss: 2.86E-01
[16:58:06] TRAINING L:313-<module>: T-It: 1345 - LR: 0.001/[0.001] - batch loss: 2.89E-01
[16:58:07] TRAINING L:313-<module>: T-It: 1350 - LR: 0.001/[0.001] - batch loss: 2.87E-01
[16:58:07] TRAINING L:313-<module>: T-It: 1355 - LR: 0.001/[0.001] - batch loss: 2.87E-01
[16:58:07] TRAINING L:313-<module>: T-It: 1360 - LR: 0.001/[0.001] - batch loss: 2.90E-01
[16:58:07] TRAINING L:313-<module>: T-It: 1365 - LR: 0.001/[0.001] - batch loss: 2.91E-01
[16:58:08] TRAINING L:313-<module>: T-It: 1370 - LR: 0.001/[0.001] - batch loss: 2.90E-01
[16:58:08] TRAINING L:313-<module>: T-It: 1375 - LR: 0.001/[0.001] - batch loss: 2.95E-01
[16:58:08] TRAINING L:313-<module>: T-It: 1380 - LR: 0.001/[0.001] - batch loss: 2.90E-01
[16:58:08] TRAINING L:313-<module>: T-It: 1385 - LR: 0.001/[0.001] - batch loss: 2.87E-01
[16:58:09] TRAINING L:313-<module>: T-It: 1390 - LR: 0.001/[0.001] - batch loss: 2.85E-01
[16:58:09] TRAINING L:313-<module>: T-It: 1395 - LR: 0.001/[0.001] - batch loss: 2.96E-01
[16:58:09] TRAINING L:313-<module>: T-It: 1400 - LR: 0.001/[0.001] - batch loss: 2.93E-01
[16:58:09] INFO L:193-main: Iteration 1400. Start evaluation of validation data.
[16:58:13] INFO L:108-log_metrics: Start validation Logs at iteration 1400
[16:58:22] TRAINING L:313-<module>: Iteration: 1400 - TLoss: 3.25E-01 VLoss: 2.83E-01
[16:58:22] TRAINING L:313-<module>: T-It: 1405 - LR: 0.001/[0.001] - batch loss: 2.89E-01
[16:58:23] TRAINING L:313-<module>: T-It: 1410 - LR: 0.001/[0.001] - batch loss: 2.84E-01
[16:58:23] TRAINING L:313-<module>: T-It: 1415 - LR: 0.001/[0.001] - batch loss: 2.86E-01
[16:58:23] TRAINING L:313-<module>: T-It: 1420 - LR: 0.001/[0.001] - batch loss: 2.82E-01
[16:58:23] TRAINING L:313-<module>: T-It: 1425 - LR: 0.001/[0.001] - batch loss: 2.82E-01
[16:58:24] TRAINING L:313-<module>: T-It: 1430 - LR: 0.001/[0.001] - batch loss: 2.85E-01
[16:58:24] TRAINING L:313-<module>: T-It: 1435 - LR: 0.001/[0.001] - batch loss: 2.88E-01
[16:58:24] TRAINING L:313-<module>: T-It: 1440 - LR: 0.001/[0.001] - batch loss: 2.84E-01
[16:58:24] TRAINING L:313-<module>: T-It: 1445 - LR: 0.001/[0.001] - batch loss: 2.85E-01
[16:58:25] TRAINING L:313-<module>: T-It: 1450 - LR: 0.001/[0.001] - batch loss: 2.79E-01
[16:58:25] TRAINING L:313-<module>: T-It: 1455 - LR: 0.001/[0.001] - batch loss: 2.85E-01
[16:58:25] TRAINING L:313-<module>: T-It: 1460 - LR: 0.001/[0.001] - batch loss: 2.90E-01
[16:58:25] TRAINING L:313-<module>: T-It: 1465 - LR: 0.001/[0.001] - batch loss: 2.83E-01
[16:58:26] TRAINING L:313-<module>: T-It: 1470 - LR: 0.001/[0.001] - batch loss: 2.86E-01
[16:58:26] TRAINING L:313-<module>: T-It: 1475 - LR: 0.001/[0.001] - batch loss: 2.87E-01
[16:58:26] TRAINING L:313-<module>: T-It: 1480 - LR: 0.001/[0.001] - batch loss: 2.89E-01
[16:58:26] TRAINING L:313-<module>: T-It: 1485 - LR: 0.001/[0.001] - batch loss: 2.89E-01
[16:58:27] TRAINING L:313-<module>: T-It: 1490 - LR: 0.001/[0.001] - batch loss: 2.91E-01
[16:58:27] TRAINING L:313-<module>: T-It: 1495 - LR: 0.001/[0.001] - batch loss: 2.87E-01
[16:58:27] TRAINING L:313-<module>: T-It: 1500 - LR: 0.001/[0.001] - batch loss: 2.86E-01
[16:58:27] INFO L:146-main: Iteration 1500. Start evaluation of training data.
[16:58:39] INFO L:108-log_metrics: Start train Logs at iteration 1500
[16:59:00] INFO L:193-main: Iteration 1500. Start evaluation of validation data.
[16:59:04] INFO L:108-log_metrics: Start validation Logs at iteration 1500
[16:59:13] TRAINING L:313-<module>: Iteration: 1500 - TLoss: 3.23E-01 VLoss: 3.12E-01
[16:59:13] TRAINING L:313-<module>: T-It: 1505 - LR: 0.001/[0.001] - batch loss: 2.86E-01
[16:59:14] TRAINING L:313-<module>: T-It: 1510 - LR: 0.001/[0.001] - batch loss: 2.82E-01
[16:59:14] TRAINING L:313-<module>: T-It: 1515 - LR: 0.001/[0.001] - batch loss: 2.85E-01
[16:59:14] TRAINING L:313-<module>: T-It: 1520 - LR: 0.001/[0.001] - batch loss: 2.87E-01
[16:59:14] TRAINING L:313-<module>: T-It: 1525 - LR: 0.001/[0.001] - batch loss: 2.82E-01
[16:59:15] TRAINING L:313-<module>: T-It: 1530 - LR: 0.001/[0.001] - batch loss: 2.92E-01
[16:59:15] TRAINING L:313-<module>: T-It: 1535 - LR: 0.001/[0.001] - batch loss: 2.89E-01
[16:59:15] TRAINING L:313-<module>: T-It: 1540 - LR: 0.001/[0.001] - batch loss: 2.91E-01
[16:59:16] TRAINING L:313-<module>: T-It: 1545 - LR: 0.001/[0.001] - batch loss: 2.86E-01
[16:59:16] TRAINING L:313-<module>: T-It: 1550 - LR: 0.001/[0.001] - batch loss: 2.80E-01
[16:59:16] TRAINING L:313-<module>: T-It: 1555 - LR: 0.001/[0.001] - batch loss: 2.81E-01
[16:59:16] TRAINING L:313-<module>: T-It: 1560 - LR: 0.001/[0.001] - batch loss: 2.80E-01
[16:59:16] TRAINING L:313-<module>: T-It: 1565 - LR: 0.001/[0.001] - batch loss: 2.83E-01
[16:59:17] TRAINING L:313-<module>: T-It: 1570 - LR: 0.001/[0.001] - batch loss: 2.85E-01
[16:59:17] TRAINING L:313-<module>: T-It: 1575 - LR: 0.001/[0.001] - batch loss: 2.86E-01
[16:59:17] TRAINING L:313-<module>: T-It: 1580 - LR: 0.001/[0.001] - batch loss: 2.89E-01
[16:59:18] TRAINING L:313-<module>: T-It: 1585 - LR: 0.001/[0.001] - batch loss: 2.87E-01
[16:59:18] TRAINING L:313-<module>: T-It: 1590 - LR: 0.001/[0.001] - batch loss: 2.84E-01
[16:59:18] TRAINING L:313-<module>: T-It: 1595 - LR: 0.001/[0.001] - batch loss: 2.84E-01
[16:59:18] TRAINING L:313-<module>: T-It: 1600 - LR: 0.001/[0.001] - batch loss: 2.80E-01
[16:59:18] INFO L:193-main: Iteration 1600. Start evaluation of validation data.
[16:59:23] INFO L:108-log_metrics: Start validation Logs at iteration 1600
[16:59:32] TRAINING L:313-<module>: Iteration: 1600 - TLoss: 3.23E-01 VLoss: 2.85E-01
[16:59:32] TRAINING L:313-<module>: T-It: 1605 - LR: 0.001/[0.001] - batch loss: 2.76E-01
[16:59:32] TRAINING L:313-<module>: T-It: 1610 - LR: 0.001/[0.001] - batch loss: 2.87E-01
[16:59:32] TRAINING L:313-<module>: T-It: 1615 - LR: 0.001/[0.001] - batch loss: 2.83E-01
[16:59:33] TRAINING L:313-<module>: T-It: 1620 - LR: 0.001/[0.001] - batch loss: 2.79E-01
[16:59:33] TRAINING L:313-<module>: T-It: 1625 - LR: 0.001/[0.001] - batch loss: 2.87E-01
[16:59:33] TRAINING L:313-<module>: T-It: 1630 - LR: 0.001/[0.001] - batch loss: 2.79E-01
[16:59:33] TRAINING L:313-<module>: T-It: 1635 - LR: 0.001/[0.001] - batch loss: 2.85E-01
[16:59:34] TRAINING L:313-<module>: T-It: 1640 - LR: 0.001/[0.001] - batch loss: 2.83E-01
[16:59:34] TRAINING L:313-<module>: T-It: 1645 - LR: 0.001/[0.001] - batch loss: 2.88E-01
[16:59:34] TRAINING L:313-<module>: T-It: 1650 - LR: 0.001/[0.001] - batch loss: 2.82E-01
[16:59:34] TRAINING L:313-<module>: T-It: 1655 - LR: 0.001/[0.001] - batch loss: 2.83E-01
[16:59:35] TRAINING L:313-<module>: T-It: 1660 - LR: 0.001/[0.001] - batch loss: 2.84E-01
[16:59:35] TRAINING L:313-<module>: T-It: 1665 - LR: 0.001/[0.001] - batch loss: 2.82E-01
[16:59:35] TRAINING L:313-<module>: T-It: 1670 - LR: 0.001/[0.001] - batch loss: 2.84E-01
[16:59:35] TRAINING L:313-<module>: T-It: 1675 - LR: 0.001/[0.001] - batch loss: 2.77E-01
[16:59:36] TRAINING L:313-<module>: T-It: 1680 - LR: 0.001/[0.001] - batch loss: 2.85E-01
[16:59:36] TRAINING L:313-<module>: T-It: 1685 - LR: 0.001/[0.001] - batch loss: 2.83E-01
[16:59:36] TRAINING L:313-<module>: T-It: 1690 - LR: 0.001/[0.001] - batch loss: 2.90E-01
[16:59:36] TRAINING L:313-<module>: T-It: 1695 - LR: 0.001/[0.001] - batch loss: 2.80E-01
[16:59:37] TRAINING L:313-<module>: T-It: 1700 - LR: 0.001/[0.001] - batch loss: 2.81E-01
[16:59:37] INFO L:193-main: Iteration 1700. Start evaluation of validation data.
[16:59:41] INFO L:108-log_metrics: Start validation Logs at iteration 1700
[16:59:49] TRAINING L:313-<module>: Iteration: 1700 - TLoss: 3.23E-01 VLoss: 2.88E-01
[16:59:50] TRAINING L:313-<module>: T-It: 1705 - LR: 0.001/[0.001] - batch loss: 2.84E-01
[16:59:50] TRAINING L:313-<module>: T-It: 1710 - LR: 0.001/[0.001] - batch loss: 2.79E-01
[16:59:50] TRAINING L:313-<module>: T-It: 1715 - LR: 0.001/[0.001] - batch loss: 2.82E-01
[16:59:50] TRAINING L:313-<module>: T-It: 1720 - LR: 0.001/[0.001] - batch loss: 2.80E-01
[16:59:51] TRAINING L:313-<module>: T-It: 1725 - LR: 0.001/[0.001] - batch loss: 2.84E-01
[16:59:51] TRAINING L:313-<module>: T-It: 1730 - LR: 0.001/[0.001] - batch loss: 2.84E-01
[16:59:51] TRAINING L:313-<module>: T-It: 1735 - LR: 0.001/[0.001] - batch loss: 2.85E-01
[16:59:51] TRAINING L:313-<module>: T-It: 1740 - LR: 0.001/[0.001] - batch loss: 2.79E-01
[16:59:52] TRAINING L:313-<module>: T-It: 1745 - LR: 0.001/[0.001] - batch loss: 2.79E-01
[16:59:52] TRAINING L:313-<module>: T-It: 1750 - LR: 0.001/[0.001] - batch loss: 2.87E-01
[16:59:52] TRAINING L:313-<module>: T-It: 1755 - LR: 0.001/[0.001] - batch loss: 2.84E-01
[16:59:52] TRAINING L:313-<module>: T-It: 1760 - LR: 0.001/[0.001] - batch loss: 2.90E-01
[16:59:53] TRAINING L:313-<module>: T-It: 1765 - LR: 0.001/[0.001] - batch loss: 2.80E-01
[16:59:53] TRAINING L:313-<module>: T-It: 1770 - LR: 0.001/[0.001] - batch loss: 2.81E-01
[16:59:53] TRAINING L:313-<module>: T-It: 1775 - LR: 0.001/[0.001] - batch loss: 2.79E-01
[16:59:53] TRAINING L:313-<module>: T-It: 1780 - LR: 0.001/[0.001] - batch loss: 2.84E-01
[16:59:54] TRAINING L:313-<module>: T-It: 1785 - LR: 0.001/[0.001] - batch loss: 2.82E-01
[16:59:54] TRAINING L:313-<module>: T-It: 1790 - LR: 0.001/[0.001] - batch loss: 2.86E-01
[16:59:54] TRAINING L:313-<module>: T-It: 1795 - LR: 0.001/[0.001] - batch loss: 2.84E-01
[16:59:54] TRAINING L:313-<module>: T-It: 1800 - LR: 0.001/[0.001] - batch loss: 2.77E-01
[16:59:54] INFO L:193-main: Iteration 1800. Start evaluation of validation data.
[16:59:58] INFO L:108-log_metrics: Start validation Logs at iteration 1800
[17:00:07] TRAINING L:313-<module>: Iteration: 1800 - TLoss: 3.23E-01 VLoss: 2.95E-01
[17:00:08] TRAINING L:313-<module>: T-It: 1805 - LR: 0.001/[0.001] - batch loss: 2.83E-01
[17:00:08] TRAINING L:313-<module>: T-It: 1810 - LR: 0.001/[0.001] - batch loss: 2.79E-01
[17:00:08] TRAINING L:313-<module>: T-It: 1815 - LR: 0.001/[0.001] - batch loss: 2.83E-01
[17:00:08] TRAINING L:313-<module>: T-It: 1820 - LR: 0.001/[0.001] - batch loss: 2.82E-01
[17:00:09] TRAINING L:313-<module>: T-It: 1825 - LR: 0.001/[0.001] - batch loss: 2.81E-01
[17:00:09] TRAINING L:313-<module>: T-It: 1830 - LR: 0.001/[0.001] - batch loss: 2.82E-01
[17:00:09] TRAINING L:313-<module>: T-It: 1835 - LR: 0.001/[0.001] - batch loss: 2.83E-01
[17:00:09] TRAINING L:313-<module>: T-It: 1840 - LR: 0.001/[0.001] - batch loss: 2.77E-01
[17:00:10] TRAINING L:313-<module>: T-It: 1845 - LR: 0.001/[0.001] - batch loss: 2.78E-01
[17:00:10] TRAINING L:313-<module>: T-It: 1850 - LR: 0.001/[0.001] - batch loss: 2.88E-01
[17:00:10] TRAINING L:313-<module>: T-It: 1855 - LR: 0.001/[0.001] - batch loss: 2.80E-01
[17:00:11] TRAINING L:313-<module>: T-It: 1860 - LR: 0.001/[0.001] - batch loss: 2.82E-01
[17:00:11] TRAINING L:313-<module>: T-It: 1865 - LR: 0.001/[0.001] - batch loss: 2.79E-01
[17:00:11] TRAINING L:313-<module>: T-It: 1870 - LR: 0.001/[0.001] - batch loss: 2.81E-01
[17:00:11] TRAINING L:313-<module>: T-It: 1875 - LR: 0.001/[0.001] - batch loss: 2.82E-01
[17:00:12] TRAINING L:313-<module>: T-It: 1880 - LR: 0.001/[0.001] - batch loss: 2.83E-01
[17:00:12] TRAINING L:313-<module>: T-It: 1885 - LR: 0.001/[0.001] - batch loss: 2.82E-01
[17:00:12] TRAINING L:313-<module>: T-It: 1890 - LR: 0.001/[0.001] - batch loss: 2.86E-01
[17:00:12] TRAINING L:313-<module>: T-It: 1895 - LR: 0.001/[0.001] - batch loss: 2.75E-01
[17:00:13] TRAINING L:313-<module>: T-It: 1900 - LR: 0.001/[0.001] - batch loss: 2.84E-01
[17:00:13] INFO L:193-main: Iteration 1900. Start evaluation of validation data.
[17:00:17] INFO L:108-log_metrics: Start validation Logs at iteration 1900
[17:00:25] TRAINING L:313-<module>: Iteration: 1900 - TLoss: 3.23E-01 VLoss: 3.14E-01
[17:00:26] TRAINING L:313-<module>: T-It: 1905 - LR: 0.001/[0.001] - batch loss: 2.78E-01
[17:00:26] TRAINING L:313-<module>: T-It: 1910 - LR: 0.001/[0.001] - batch loss: 2.79E-01
[17:00:26] TRAINING L:313-<module>: T-It: 1915 - LR: 0.001/[0.001] - batch loss: 2.79E-01
[17:00:26] TRAINING L:313-<module>: T-It: 1920 - LR: 0.001/[0.001] - batch loss: 2.82E-01
[17:00:27] TRAINING L:313-<module>: T-It: 1925 - LR: 0.001/[0.001] - batch loss: 2.78E-01
[17:00:27] TRAINING L:313-<module>: T-It: 1930 - LR: 0.001/[0.001] - batch loss: 2.81E-01
[17:00:27] TRAINING L:313-<module>: T-It: 1935 - LR: 0.001/[0.001] - batch loss: 2.79E-01
[17:00:27] TRAINING L:313-<module>: T-It: 1940 - LR: 0.001/[0.001] - batch loss: 2.84E-01
[17:00:28] TRAINING L:313-<module>: T-It: 1945 - LR: 0.001/[0.001] - batch loss: 2.87E-01
[17:00:28] TRAINING L:313-<module>: T-It: 1950 - LR: 0.001/[0.001] - batch loss: 2.82E-01
[17:00:28] TRAINING L:313-<module>: T-It: 1955 - LR: 0.001/[0.001] - batch loss: 2.84E-01
[17:00:28] TRAINING L:313-<module>: T-It: 1960 - LR: 0.001/[0.001] - batch loss: 2.88E-01
[17:00:29] TRAINING L:313-<module>: T-It: 1965 - LR: 0.001/[0.001] - batch loss: 2.77E-01
[17:00:29] TRAINING L:313-<module>: T-It: 1970 - LR: 0.001/[0.001] - batch loss: 2.80E-01
[17:00:29] TRAINING L:313-<module>: T-It: 1975 - LR: 0.001/[0.001] - batch loss: 2.81E-01
[17:00:29] TRAINING L:313-<module>: T-It: 1980 - LR: 0.001/[0.001] - batch loss: 2.76E-01
[17:00:30] TRAINING L:313-<module>: T-It: 1985 - LR: 0.001/[0.001] - batch loss: 2.80E-01
[17:00:30] TRAINING L:313-<module>: T-It: 1990 - LR: 0.001/[0.001] - batch loss: 2.83E-01
[17:00:30] TRAINING L:313-<module>: T-It: 1995 - LR: 0.001/[0.001] - batch loss: 2.73E-01
[17:00:30] TRAINING L:313-<module>: T-It: 2000 - LR: 0.001/[0.001] - batch loss: 2.83E-01
[17:00:30] INFO L:146-main: Iteration 2000. Start evaluation of training data.
[17:00:43] INFO L:108-log_metrics: Start train Logs at iteration 2000
[17:01:03] INFO L:193-main: Iteration 2000. Start evaluation of validation data.
[17:01:08] INFO L:108-log_metrics: Start validation Logs at iteration 2000
[17:01:16] TRAINING L:313-<module>: Iteration: 2000 - TLoss: 3.01E-01 VLoss: 2.90E-01
[17:01:17] TRAINING L:313-<module>: T-It: 2005 - LR: 0.001/[0.001] - batch loss: 2.82E-01
[17:01:17] TRAINING L:313-<module>: T-It: 2010 - LR: 0.001/[0.001] - batch loss: 2.82E-01
[17:01:17] TRAINING L:313-<module>: T-It: 2015 - LR: 0.001/[0.001] - batch loss: 2.82E-01
[17:01:18] TRAINING L:313-<module>: T-It: 2020 - LR: 0.001/[0.001] - batch loss: 2.81E-01
[17:01:18] TRAINING L:313-<module>: T-It: 2025 - LR: 0.001/[0.001] - batch loss: 2.86E-01
[17:01:18] TRAINING L:313-<module>: T-It: 2030 - LR: 0.001/[0.001] - batch loss: 2.79E-01
[17:01:18] TRAINING L:313-<module>: T-It: 2035 - LR: 0.001/[0.001] - batch loss: 2.75E-01
[17:01:19] TRAINING L:313-<module>: T-It: 2040 - LR: 0.001/[0.001] - batch loss: 2.73E-01
[17:01:19] TRAINING L:313-<module>: T-It: 2045 - LR: 0.001/[0.001] - batch loss: 2.75E-01
[17:01:19] TRAINING L:313-<module>: T-It: 2050 - LR: 0.001/[0.001] - batch loss: 2.85E-01
[17:01:19] TRAINING L:313-<module>: T-It: 2055 - LR: 0.001/[0.001] - batch loss: 2.86E-01
[17:01:19] TRAINING L:313-<module>: T-It: 2060 - LR: 0.001/[0.001] - batch loss: 2.80E-01
[17:01:20] TRAINING L:313-<module>: T-It: 2065 - LR: 0.001/[0.001] - batch loss: 2.83E-01
[17:01:20] TRAINING L:313-<module>: T-It: 2070 - LR: 0.001/[0.001] - batch loss: 2.77E-01
[17:01:20] TRAINING L:313-<module>: T-It: 2075 - LR: 0.001/[0.001] - batch loss: 2.82E-01
[17:01:20] TRAINING L:313-<module>: T-It: 2080 - LR: 0.001/[0.001] - batch loss: 2.77E-01
[17:01:21] TRAINING L:313-<module>: T-It: 2085 - LR: 0.001/[0.001] - batch loss: 2.73E-01
[17:01:21] TRAINING L:313-<module>: T-It: 2090 - LR: 0.001/[0.001] - batch loss: 2.74E-01
[17:01:21] TRAINING L:313-<module>: T-It: 2095 - LR: 0.001/[0.001] - batch loss: 2.77E-01
[17:01:21] TRAINING L:313-<module>: T-It: 2100 - LR: 0.001/[0.001] - batch loss: 2.85E-01
[17:01:21] INFO L:193-main: Iteration 2100. Start evaluation of validation data.
[17:01:26] INFO L:108-log_metrics: Start validation Logs at iteration 2100
[17:01:34] TRAINING L:313-<module>: Iteration: 2100 - TLoss: 3.01E-01 VLoss: 2.73E-01
[17:01:34] TRAINING L:313-<module>: T-It: 2105 - LR: 0.001/[0.001] - batch loss: 2.74E-01
[17:01:35] TRAINING L:313-<module>: T-It: 2110 - LR: 0.001/[0.001] - batch loss: 2.75E-01
[17:01:35] TRAINING L:313-<module>: T-It: 2115 - LR: 0.001/[0.001] - batch loss: 2.79E-01
[17:01:35] TRAINING L:313-<module>: T-It: 2120 - LR: 0.001/[0.001] - batch loss: 2.79E-01
[17:01:35] TRAINING L:313-<module>: T-It: 2125 - LR: 0.001/[0.001] - batch loss: 2.82E-01
[17:01:36] TRAINING L:313-<module>: T-It: 2130 - LR: 0.001/[0.001] - batch loss: 2.72E-01
[17:01:36] TRAINING L:313-<module>: T-It: 2135 - LR: 0.001/[0.001] - batch loss: 2.80E-01
[17:01:36] TRAINING L:313-<module>: T-It: 2140 - LR: 0.001/[0.001] - batch loss: 2.83E-01
[17:01:36] TRAINING L:313-<module>: T-It: 2145 - LR: 0.001/[0.001] - batch loss: 2.83E-01
[17:01:37] TRAINING L:313-<module>: T-It: 2150 - LR: 0.001/[0.001] - batch loss: 2.77E-01
[17:01:37] TRAINING L:313-<module>: T-It: 2155 - LR: 0.001/[0.001] - batch loss: 2.82E-01
[17:01:37] TRAINING L:313-<module>: T-It: 2160 - LR: 0.001/[0.001] - batch loss: 2.78E-01
[17:01:37] TRAINING L:313-<module>: T-It: 2165 - LR: 0.001/[0.001] - batch loss: 2.79E-01
[17:01:38] TRAINING L:313-<module>: T-It: 2170 - LR: 0.001/[0.001] - batch loss: 2.78E-01
[17:01:38] TRAINING L:313-<module>: T-It: 2175 - LR: 0.001/[0.001] - batch loss: 2.78E-01
[17:01:38] TRAINING L:313-<module>: T-It: 2180 - LR: 0.001/[0.001] - batch loss: 2.75E-01
[17:01:38] TRAINING L:313-<module>: T-It: 2185 - LR: 0.001/[0.001] - batch loss: 2.74E-01
[17:01:39] TRAINING L:313-<module>: T-It: 2190 - LR: 0.001/[0.001] - batch loss: 2.77E-01
[17:01:39] TRAINING L:313-<module>: T-It: 2195 - LR: 0.001/[0.001] - batch loss: 2.77E-01
[17:01:39] TRAINING L:313-<module>: T-It: 2200 - LR: 0.001/[0.001] - batch loss: 2.83E-01
[17:01:39] INFO L:193-main: Iteration 2200. Start evaluation of validation data.
[17:01:43] INFO L:108-log_metrics: Start validation Logs at iteration 2200
[17:01:52] TRAINING L:313-<module>: Iteration: 2200 - TLoss: 3.01E-01 VLoss: 2.82E-01
[17:01:52] TRAINING L:313-<module>: T-It: 2205 - LR: 0.001/[0.001] - batch loss: 2.75E-01
[17:01:53] TRAINING L:313-<module>: T-It: 2210 - LR: 0.001/[0.001] - batch loss: 2.78E-01
[17:01:53] TRAINING L:313-<module>: T-It: 2215 - LR: 0.001/[0.001] - batch loss: 2.75E-01
[17:01:53] TRAINING L:313-<module>: T-It: 2220 - LR: 0.001/[0.001] - batch loss: 2.74E-01
[17:01:53] TRAINING L:313-<module>: T-It: 2225 - LR: 0.001/[0.001] - batch loss: 2.76E-01
[17:01:54] TRAINING L:313-<module>: T-It: 2230 - LR: 0.001/[0.001] - batch loss: 2.75E-01
[17:01:54] TRAINING L:313-<module>: T-It: 2235 - LR: 0.001/[0.001] - batch loss: 2.76E-01
[17:01:54] TRAINING L:313-<module>: T-It: 2240 - LR: 0.001/[0.001] - batch loss: 2.83E-01
[17:01:54] TRAINING L:313-<module>: T-It: 2245 - LR: 0.001/[0.001] - batch loss: 2.86E-01
[17:01:55] TRAINING L:313-<module>: T-It: 2250 - LR: 0.001/[0.001] - batch loss: 2.80E-01
[17:01:55] TRAINING L:313-<module>: T-It: 2255 - LR: 0.001/[0.001] - batch loss: 2.78E-01
[17:01:55] TRAINING L:313-<module>: T-It: 2260 - LR: 0.001/[0.001] - batch loss: 2.77E-01
[17:01:55] TRAINING L:313-<module>: T-It: 2265 - LR: 0.001/[0.001] - batch loss: 2.80E-01
[17:01:56] TRAINING L:313-<module>: T-It: 2270 - LR: 0.001/[0.001] - batch loss: 2.76E-01
[17:01:56] TRAINING L:313-<module>: T-It: 2275 - LR: 0.001/[0.001] - batch loss: 2.76E-01
[17:01:56] TRAINING L:313-<module>: T-It: 2280 - LR: 0.001/[0.001] - batch loss: 2.76E-01
[17:01:56] TRAINING L:313-<module>: T-It: 2285 - LR: 0.001/[0.001] - batch loss: 2.74E-01
[17:01:57] TRAINING L:313-<module>: T-It: 2290 - LR: 0.001/[0.001] - batch loss: 2.76E-01
[17:01:57] TRAINING L:313-<module>: T-It: 2295 - LR: 0.001/[0.001] - batch loss: 2.71E-01
[17:01:57] TRAINING L:313-<module>: T-It: 2300 - LR: 0.001/[0.001] - batch loss: 2.79E-01
[17:01:57] INFO L:193-main: Iteration 2300. Start evaluation of validation data.
[17:02:01] INFO L:108-log_metrics: Start validation Logs at iteration 2300
[17:02:10] TRAINING L:313-<module>: Iteration: 2300 - TLoss: 3.01E-01 VLoss: 2.65E-01
[17:02:10] INFO L:97-check_criteria: Checkpoint criteria trigger started at 2.654987E-01 - after 16 waiting epochs
[17:02:10] TRAINING L:313-<module>: T-It: 2305 - LR: 0.001/[0.001] - batch loss: 2.78E-01
[17:02:11] TRAINING L:313-<module>: T-It: 2310 - LR: 0.001/[0.001] - batch loss: 2.82E-01
[17:02:11] TRAINING L:313-<module>: T-It: 2315 - LR: 0.001/[0.001] - batch loss: 2.81E-01
[17:02:11] TRAINING L:313-<module>: T-It: 2320 - LR: 0.001/[0.001] - batch loss: 2.75E-01
[17:02:11] TRAINING L:313-<module>: T-It: 2325 - LR: 0.001/[0.001] - batch loss: 2.81E-01
[17:02:12] TRAINING L:313-<module>: T-It: 2330 - LR: 0.001/[0.001] - batch loss: 2.76E-01
[17:02:12] TRAINING L:313-<module>: T-It: 2335 - LR: 0.001/[0.001] - batch loss: 2.81E-01
[17:02:12] TRAINING L:313-<module>: T-It: 2340 - LR: 0.001/[0.001] - batch loss: 2.73E-01
[17:02:12] TRAINING L:313-<module>: T-It: 2345 - LR: 0.001/[0.001] - batch loss: 2.71E-01
[17:02:13] TRAINING L:313-<module>: T-It: 2350 - LR: 0.001/[0.001] - batch loss: 2.79E-01
[17:02:13] TRAINING L:313-<module>: T-It: 2355 - LR: 0.001/[0.001] - batch loss: 2.74E-01
[17:02:13] TRAINING L:313-<module>: T-It: 2360 - LR: 0.001/[0.001] - batch loss: 2.77E-01
[17:02:13] TRAINING L:313-<module>: T-It: 2365 - LR: 0.001/[0.001] - batch loss: 2.77E-01
[17:02:14] TRAINING L:313-<module>: T-It: 2370 - LR: 0.001/[0.001] - batch loss: 2.74E-01
[17:02:14] TRAINING L:313-<module>: T-It: 2375 - LR: 0.001/[0.001] - batch loss: 2.79E-01
[17:02:14] TRAINING L:313-<module>: T-It: 2380 - LR: 0.001/[0.001] - batch loss: 2.80E-01
[17:02:14] TRAINING L:313-<module>: T-It: 2385 - LR: 0.001/[0.001] - batch loss: 2.75E-01
[17:02:15] TRAINING L:313-<module>: T-It: 2390 - LR: 0.001/[0.001] - batch loss: 2.78E-01
[17:02:15] TRAINING L:313-<module>: T-It: 2395 - LR: 0.001/[0.001] - batch loss: 2.73E-01
[17:02:15] TRAINING L:313-<module>: T-It: 2400 - LR: 0.001/[0.001] - batch loss: 2.79E-01
[17:02:15] INFO L:193-main: Iteration 2400. Start evaluation of validation data.
[17:02:19] INFO L:108-log_metrics: Start validation Logs at iteration 2400
[17:02:28] TRAINING L:313-<module>: Iteration: 2400 - TLoss: 3.01E-01 VLoss: 2.87E-01
[17:02:28] TRAINING L:313-<module>: T-It: 2405 - LR: 0.001/[0.001] - batch loss: 2.77E-01
[17:02:29] TRAINING L:313-<module>: T-It: 2410 - LR: 0.001/[0.001] - batch loss: 2.75E-01
[17:02:29] TRAINING L:313-<module>: T-It: 2415 - LR: 0.001/[0.001] - batch loss: 2.75E-01
[17:02:29] TRAINING L:313-<module>: T-It: 2420 - LR: 0.001/[0.001] - batch loss: 2.76E-01
[17:02:29] TRAINING L:313-<module>: T-It: 2425 - LR: 0.001/[0.001] - batch loss: 2.76E-01
[17:02:30] TRAINING L:313-<module>: T-It: 2430 - LR: 0.001/[0.001] - batch loss: 2.80E-01
[17:02:30] TRAINING L:313-<module>: T-It: 2435 - LR: 0.001/[0.001] - batch loss: 2.74E-01
[17:02:30] TRAINING L:313-<module>: T-It: 2440 - LR: 0.001/[0.001] - batch loss: 2.77E-01
[17:02:30] TRAINING L:313-<module>: T-It: 2445 - LR: 0.001/[0.001] - batch loss: 2.75E-01
[17:02:31] TRAINING L:313-<module>: T-It: 2450 - LR: 0.001/[0.001] - batch loss: 2.81E-01
[17:02:31] TRAINING L:313-<module>: T-It: 2455 - LR: 0.001/[0.001] - batch loss: 2.67E-01
[17:02:31] TRAINING L:313-<module>: T-It: 2460 - LR: 0.001/[0.001] - batch loss: 2.78E-01
[17:02:31] TRAINING L:313-<module>: T-It: 2465 - LR: 0.001/[0.001] - batch loss: 2.81E-01
[17:02:32] TRAINING L:313-<module>: T-It: 2470 - LR: 0.001/[0.001] - batch loss: 2.77E-01
[17:02:32] TRAINING L:313-<module>: T-It: 2475 - LR: 0.001/[0.001] - batch loss: 2.74E-01
[17:02:33] TRAINING L:313-<module>: T-It: 2480 - LR: 0.001/[0.001] - batch loss: 2.73E-01
[17:02:33] TRAINING L:313-<module>: T-It: 2485 - LR: 0.001/[0.001] - batch loss: 2.74E-01
[17:02:33] TRAINING L:313-<module>: T-It: 2490 - LR: 0.001/[0.001] - batch loss: 2.77E-01
[17:02:33] TRAINING L:313-<module>: T-It: 2495 - LR: 0.001/[0.001] - batch loss: 2.67E-01
[17:02:33] TRAINING L:313-<module>: T-It: 2500 - LR: 0.001/[0.001] - batch loss: 2.78E-01
[17:02:33] INFO L:146-main: Iteration 2500. Start evaluation of training data.
[17:02:46] INFO L:108-log_metrics: Start train Logs at iteration 2500
[17:03:07] INFO L:193-main: Iteration 2500. Start evaluation of validation data.
[17:03:11] INFO L:108-log_metrics: Start validation Logs at iteration 2500
[17:03:20] TRAINING L:313-<module>: Iteration: 2500 - TLoss: 2.84E-01 VLoss: 2.78E-01
[17:03:21] TRAINING L:313-<module>: T-It: 2505 - LR: 0.001/[0.001] - batch loss: 2.77E-01
[17:03:21] TRAINING L:313-<module>: T-It: 2510 - LR: 0.001/[0.001] - batch loss: 2.73E-01
[17:03:21] TRAINING L:313-<module>: T-It: 2515 - LR: 0.001/[0.001] - batch loss: 2.72E-01
[17:03:21] TRAINING L:313-<module>: T-It: 2520 - LR: 0.001/[0.001] - batch loss: 2.71E-01
[17:03:22] TRAINING L:313-<module>: T-It: 2525 - LR: 0.001/[0.001] - batch loss: 2.75E-01
[17:03:22] TRAINING L:313-<module>: T-It: 2530 - LR: 0.001/[0.001] - batch loss: 2.74E-01
[17:03:22] TRAINING L:313-<module>: T-It: 2535 - LR: 0.001/[0.001] - batch loss: 2.76E-01
[17:03:22] TRAINING L:313-<module>: T-It: 2540 - LR: 0.001/[0.001] - batch loss: 2.73E-01
[17:03:23] TRAINING L:313-<module>: T-It: 2545 - LR: 0.001/[0.001] - batch loss: 2.75E-01
[17:03:23] TRAINING L:313-<module>: T-It: 2550 - LR: 0.001/[0.001] - batch loss: 2.79E-01
[17:03:23] TRAINING L:313-<module>: T-It: 2555 - LR: 0.001/[0.001] - batch loss: 2.75E-01
[17:03:23] TRAINING L:313-<module>: T-It: 2560 - LR: 0.001/[0.001] - batch loss: 2.75E-01
[17:03:24] TRAINING L:313-<module>: T-It: 2565 - LR: 0.001/[0.001] - batch loss: 2.75E-01
[17:03:24] TRAINING L:313-<module>: T-It: 2570 - LR: 0.001/[0.001] - batch loss: 2.79E-01
[17:03:24] TRAINING L:313-<module>: T-It: 2575 - LR: 0.001/[0.001] - batch loss: 2.74E-01
[17:03:24] TRAINING L:313-<module>: T-It: 2580 - LR: 0.001/[0.001] - batch loss: 2.75E-01
[17:03:25] TRAINING L:313-<module>: T-It: 2585 - LR: 0.001/[0.001] - batch loss: 2.76E-01
[17:03:25] TRAINING L:313-<module>: T-It: 2590 - LR: 0.001/[0.001] - batch loss: 2.76E-01
[17:03:25] TRAINING L:313-<module>: T-It: 2595 - LR: 0.001/[0.001] - batch loss: 2.72E-01
[17:03:25] TRAINING L:313-<module>: T-It: 2600 - LR: 0.001/[0.001] - batch loss: 2.66E-01
[17:03:25] INFO L:193-main: Iteration 2600. Start evaluation of validation data.
[17:03:30] INFO L:108-log_metrics: Start validation Logs at iteration 2600
[17:03:38] TRAINING L:313-<module>: Iteration: 2600 - TLoss: 2.84E-01 VLoss: 2.62E-01
[17:03:38] INFO L:97-check_criteria: Checkpoint criteria trigger started at 2.623647E-01 - after 2 waiting epochs
[17:03:38] TRAINING L:313-<module>: T-It: 2605 - LR: 0.001/[0.001] - batch loss: 2.74E-01
[17:03:39] TRAINING L:313-<module>: T-It: 2610 - LR: 0.001/[0.001] - batch loss: 2.76E-01
[17:03:39] TRAINING L:313-<module>: T-It: 2615 - LR: 0.001/[0.001] - batch loss: 2.74E-01
[17:03:39] TRAINING L:313-<module>: T-It: 2620 - LR: 0.001/[0.001] - batch loss: 2.71E-01
[17:03:40] TRAINING L:313-<module>: T-It: 2625 - LR: 0.001/[0.001] - batch loss: 2.71E-01
[17:03:40] TRAINING L:313-<module>: T-It: 2630 - LR: 0.001/[0.001] - batch loss: 2.75E-01
[17:03:40] TRAINING L:313-<module>: T-It: 2635 - LR: 0.001/[0.001] - batch loss: 2.69E-01
[17:03:40] TRAINING L:313-<module>: T-It: 2640 - LR: 0.001/[0.001] - batch loss: 2.79E-01
[17:03:41] TRAINING L:313-<module>: T-It: 2645 - LR: 0.001/[0.001] - batch loss: 2.72E-01
[17:03:41] TRAINING L:313-<module>: T-It: 2650 - LR: 0.001/[0.001] - batch loss: 2.77E-01
[17:03:41] TRAINING L:313-<module>: T-It: 2655 - LR: 0.001/[0.001] - batch loss: 2.77E-01
[17:03:41] TRAINING L:313-<module>: T-It: 2660 - LR: 0.001/[0.001] - batch loss: 2.75E-01
[17:03:41] TRAINING L:313-<module>: T-It: 2665 - LR: 0.001/[0.001] - batch loss: 2.66E-01
[17:03:42] TRAINING L:313-<module>: T-It: 2670 - LR: 0.001/[0.001] - batch loss: 2.76E-01
[17:03:42] TRAINING L:313-<module>: T-It: 2675 - LR: 0.001/[0.001] - batch loss: 2.76E-01
[17:03:42] TRAINING L:313-<module>: T-It: 2680 - LR: 0.001/[0.001] - batch loss: 2.78E-01
[17:03:42] TRAINING L:313-<module>: T-It: 2685 - LR: 0.001/[0.001] - batch loss: 2.73E-01
[17:03:43] TRAINING L:313-<module>: T-It: 2690 - LR: 0.001/[0.001] - batch loss: 2.71E-01
[17:03:43] TRAINING L:313-<module>: T-It: 2695 - LR: 0.001/[0.001] - batch loss: 2.76E-01
[17:03:43] TRAINING L:313-<module>: T-It: 2700 - LR: 0.001/[0.001] - batch loss: 2.66E-01
[17:03:43] INFO L:193-main: Iteration 2700. Start evaluation of validation data.
[17:03:47] INFO L:108-log_metrics: Start validation Logs at iteration 2700
[17:03:56] TRAINING L:313-<module>: Iteration: 2700 - TLoss: 2.84E-01 VLoss: 2.78E-01
[17:03:56] TRAINING L:313-<module>: T-It: 2705 - LR: 0.001/[0.001] - batch loss: 2.76E-01
[17:03:56] TRAINING L:313-<module>: T-It: 2710 - LR: 0.001/[0.001] - batch loss: 2.71E-01
[17:03:57] TRAINING L:313-<module>: T-It: 2715 - LR: 0.001/[0.001] - batch loss: 2.73E-01
[17:03:57] TRAINING L:313-<module>: T-It: 2720 - LR: 0.001/[0.001] - batch loss: 2.67E-01
[17:03:57] TRAINING L:313-<module>: T-It: 2725 - LR: 0.001/[0.001] - batch loss: 2.76E-01
[17:03:57] TRAINING L:313-<module>: T-It: 2730 - LR: 0.001/[0.001] - batch loss: 2.74E-01
[17:03:58] TRAINING L:313-<module>: T-It: 2735 - LR: 0.001/[0.001] - batch loss: 2.79E-01
[17:03:58] TRAINING L:313-<module>: T-It: 2740 - LR: 0.001/[0.001] - batch loss: 2.73E-01
[17:03:58] TRAINING L:313-<module>: T-It: 2745 - LR: 0.001/[0.001] - batch loss: 2.75E-01
[17:03:58] TRAINING L:313-<module>: T-It: 2750 - LR: 0.001/[0.001] - batch loss: 2.79E-01
[17:03:59] TRAINING L:313-<module>: T-It: 2755 - LR: 0.001/[0.001] - batch loss: 2.74E-01
[17:03:59] TRAINING L:313-<module>: T-It: 2760 - LR: 0.001/[0.001] - batch loss: 2.73E-01
[17:03:59] TRAINING L:313-<module>: T-It: 2765 - LR: 0.001/[0.001] - batch loss: 2.72E-01
[17:03:59] TRAINING L:313-<module>: T-It: 2770 - LR: 0.001/[0.001] - batch loss: 2.75E-01
[17:04:00] TRAINING L:313-<module>: T-It: 2775 - LR: 0.001/[0.001] - batch loss: 2.71E-01
[17:04:00] TRAINING L:313-<module>: T-It: 2780 - LR: 0.001/[0.001] - batch loss: 2.72E-01
[17:04:00] TRAINING L:313-<module>: T-It: 2785 - LR: 0.001/[0.001] - batch loss: 2.72E-01
[17:04:01] TRAINING L:313-<module>: T-It: 2790 - LR: 0.001/[0.001] - batch loss: 2.76E-01
[17:04:01] TRAINING L:313-<module>: T-It: 2795 - LR: 0.001/[0.001] - batch loss: 2.73E-01
[17:04:01] TRAINING L:313-<module>: T-It: 2800 - LR: 0.001/[0.001] - batch loss: 2.71E-01
[17:04:01] INFO L:193-main: Iteration 2800. Start evaluation of validation data.
[17:04:05] INFO L:108-log_metrics: Start validation Logs at iteration 2800
[17:04:15] TRAINING L:313-<module>: Iteration: 2800 - TLoss: 2.84E-01 VLoss: 2.72E-01
[17:04:15] TRAINING L:313-<module>: T-It: 2805 - LR: 0.001/[0.001] - batch loss: 2.75E-01
[17:04:15] TRAINING L:313-<module>: T-It: 2810 - LR: 0.001/[0.001] - batch loss: 2.71E-01
[17:04:15] TRAINING L:313-<module>: T-It: 2815 - LR: 0.001/[0.001] - batch loss: 2.73E-01
[17:04:16] TRAINING L:313-<module>: T-It: 2820 - LR: 0.001/[0.001] - batch loss: 2.66E-01
[17:04:16] TRAINING L:313-<module>: T-It: 2825 - LR: 0.001/[0.001] - batch loss: 2.73E-01
[17:04:17] TRAINING L:313-<module>: T-It: 2830 - LR: 0.001/[0.001] - batch loss: 2.74E-01
[17:04:17] TRAINING L:313-<module>: T-It: 2835 - LR: 0.001/[0.001] - batch loss: 2.66E-01
[17:04:18] TRAINING L:313-<module>: T-It: 2840 - LR: 0.001/[0.001] - batch loss: 2.74E-01
[17:04:18] TRAINING L:313-<module>: T-It: 2845 - LR: 0.001/[0.001] - batch loss: 2.69E-01
[17:04:18] TRAINING L:313-<module>: T-It: 2850 - LR: 0.001/[0.001] - batch loss: 2.75E-01
[17:04:18] TRAINING L:313-<module>: T-It: 2855 - LR: 0.001/[0.001] - batch loss: 2.74E-01
[17:04:19] TRAINING L:313-<module>: T-It: 2860 - LR: 0.001/[0.001] - batch loss: 2.67E-01
[17:04:19] TRAINING L:313-<module>: T-It: 2865 - LR: 0.001/[0.001] - batch loss: 2.71E-01
[17:04:19] TRAINING L:313-<module>: T-It: 2870 - LR: 0.001/[0.001] - batch loss: 2.69E-01
[17:04:19] TRAINING L:313-<module>: T-It: 2875 - LR: 0.001/[0.001] - batch loss: 2.70E-01
[17:04:20] TRAINING L:313-<module>: T-It: 2880 - LR: 0.001/[0.001] - batch loss: 2.74E-01
[17:04:20] TRAINING L:313-<module>: T-It: 2885 - LR: 0.001/[0.001] - batch loss: 2.68E-01
[17:04:20] TRAINING L:313-<module>: T-It: 2890 - LR: 0.001/[0.001] - batch loss: 2.74E-01
[17:04:20] TRAINING L:313-<module>: T-It: 2895 - LR: 0.001/[0.001] - batch loss: 2.70E-01
[17:04:21] TRAINING L:313-<module>: T-It: 2900 - LR: 0.001/[0.001] - batch loss: 2.70E-01
[17:04:21] INFO L:193-main: Iteration 2900. Start evaluation of validation data.
[17:04:25] INFO L:108-log_metrics: Start validation Logs at iteration 2900
[17:04:33] TRAINING L:313-<module>: Iteration: 2900 - TLoss: 2.84E-01 VLoss: 2.89E-01
[17:04:34] TRAINING L:313-<module>: T-It: 2905 - LR: 0.001/[0.001] - batch loss: 2.69E-01
[17:04:34] TRAINING L:313-<module>: T-It: 2910 - LR: 0.001/[0.001] - batch loss: 2.67E-01
[17:04:34] TRAINING L:313-<module>: T-It: 2915 - LR: 0.001/[0.001] - batch loss: 2.70E-01
[17:04:34] TRAINING L:313-<module>: T-It: 2920 - LR: 0.001/[0.001] - batch loss: 2.63E-01
[17:04:35] TRAINING L:313-<module>: T-It: 2925 - LR: 0.001/[0.001] - batch loss: 2.70E-01
[17:04:35] TRAINING L:313-<module>: T-It: 2930 - LR: 0.001/[0.001] - batch loss: 2.75E-01
[17:04:35] TRAINING L:313-<module>: T-It: 2935 - LR: 0.001/[0.001] - batch loss: 2.68E-01
[17:04:35] TRAINING L:313-<module>: T-It: 2940 - LR: 0.001/[0.001] - batch loss: 2.68E-01
[17:04:36] TRAINING L:313-<module>: T-It: 2945 - LR: 0.001/[0.001] - batch loss: 2.70E-01
[17:04:36] TRAINING L:313-<module>: T-It: 2950 - LR: 0.001/[0.001] - batch loss: 2.67E-01
[17:04:36] TRAINING L:313-<module>: T-It: 2955 - LR: 0.001/[0.001] - batch loss: 2.74E-01
[17:04:36] TRAINING L:313-<module>: T-It: 2960 - LR: 0.001/[0.001] - batch loss: 2.71E-01
[17:04:37] TRAINING L:313-<module>: T-It: 2965 - LR: 0.001/[0.001] - batch loss: 2.67E-01
[17:04:37] TRAINING L:313-<module>: T-It: 2970 - LR: 0.001/[0.001] - batch loss: 2.74E-01
[17:04:37] TRAINING L:313-<module>: T-It: 2975 - LR: 0.001/[0.001] - batch loss: 2.72E-01
[17:04:37] TRAINING L:313-<module>: T-It: 2980 - LR: 0.001/[0.001] - batch loss: 2.69E-01
[17:04:38] TRAINING L:313-<module>: T-It: 2985 - LR: 0.001/[0.001] - batch loss: 2.74E-01
[17:04:38] TRAINING L:313-<module>: T-It: 2990 - LR: 0.001/[0.001] - batch loss: 2.68E-01
[17:04:38] TRAINING L:313-<module>: T-It: 2995 - LR: 0.001/[0.001] - batch loss: 2.77E-01
[17:04:38] TRAINING L:313-<module>: T-It: 3000 - LR: 0.001/[0.001] - batch loss: 2.65E-01
[17:04:38] INFO L:146-main: Iteration 3000. Start evaluation of training data.
[17:04:51] INFO L:108-log_metrics: Start train Logs at iteration 3000
[17:05:12] INFO L:193-main: Iteration 3000. Start evaluation of validation data.
[17:05:16] INFO L:108-log_metrics: Start validation Logs at iteration 3000
[17:05:25] TRAINING L:313-<module>: Iteration: 3000 - TLoss: 2.94E-01 VLoss: 2.81E-01
[17:05:25] TRAINING L:313-<module>: T-It: 3005 - LR: 0.001/[0.001] - batch loss: 2.76E-01
[17:05:26] TRAINING L:313-<module>: T-It: 3010 - LR: 0.001/[0.001] - batch loss: 2.81E-01
[17:05:26] TRAINING L:313-<module>: T-It: 3015 - LR: 0.001/[0.001] - batch loss: 2.75E-01
[17:05:26] TRAINING L:313-<module>: T-It: 3020 - LR: 0.001/[0.001] - batch loss: 2.76E-01
[17:05:26] TRAINING L:313-<module>: T-It: 3025 - LR: 0.001/[0.001] - batch loss: 2.66E-01
[17:05:27] TRAINING L:313-<module>: T-It: 3030 - LR: 0.001/[0.001] - batch loss: 2.72E-01
[17:05:27] TRAINING L:313-<module>: T-It: 3035 - LR: 0.001/[0.001] - batch loss: 2.69E-01
[17:05:27] TRAINING L:313-<module>: T-It: 3040 - LR: 0.001/[0.001] - batch loss: 2.69E-01
[17:05:27] TRAINING L:313-<module>: T-It: 3045 - LR: 0.001/[0.001] - batch loss: 2.74E-01
[17:05:28] TRAINING L:313-<module>: T-It: 3050 - LR: 0.001/[0.001] - batch loss: 2.72E-01
[17:05:28] TRAINING L:313-<module>: T-It: 3055 - LR: 0.001/[0.001] - batch loss: 2.70E-01
[17:05:28] TRAINING L:313-<module>: T-It: 3060 - LR: 0.001/[0.001] - batch loss: 2.74E-01
[17:05:28] TRAINING L:313-<module>: T-It: 3065 - LR: 0.001/[0.001] - batch loss: 2.67E-01
[17:05:28] TRAINING L:313-<module>: T-It: 3070 - LR: 0.001/[0.001] - batch loss: 2.73E-01
[17:05:29] TRAINING L:313-<module>: T-It: 3075 - LR: 0.001/[0.001] - batch loss: 2.68E-01
[17:05:29] TRAINING L:313-<module>: T-It: 3080 - LR: 0.001/[0.001] - batch loss: 2.72E-01
[17:05:29] TRAINING L:313-<module>: T-It: 3085 - LR: 0.001/[0.001] - batch loss: 2.67E-01
[17:05:29] TRAINING L:313-<module>: T-It: 3090 - LR: 0.001/[0.001] - batch loss: 2.71E-01
[17:05:30] TRAINING L:313-<module>: T-It: 3095 - LR: 0.001/[0.001] - batch loss: 2.66E-01
[17:05:30] TRAINING L:313-<module>: T-It: 3100 - LR: 0.001/[0.001] - batch loss: 2.70E-01
[17:05:30] INFO L:193-main: Iteration 3100. Start evaluation of validation data.
[17:05:34] INFO L:108-log_metrics: Start validation Logs at iteration 3100
[17:05:43] TRAINING L:313-<module>: Iteration: 3100 - TLoss: 2.94E-01 VLoss: 2.82E-01
[17:05:43] TRAINING L:313-<module>: T-It: 3105 - LR: 0.001/[0.001] - batch loss: 2.69E-01
[17:05:44] TRAINING L:313-<module>: T-It: 3110 - LR: 0.001/[0.001] - batch loss: 2.71E-01
[17:05:44] TRAINING L:313-<module>: T-It: 3115 - LR: 0.001/[0.001] - batch loss: 2.62E-01
[17:05:44] TRAINING L:313-<module>: T-It: 3120 - LR: 0.001/[0.001] - batch loss: 2.72E-01
[17:05:44] TRAINING L:313-<module>: T-It: 3125 - LR: 0.001/[0.001] - batch loss: 2.68E-01
[17:05:45] TRAINING L:313-<module>: T-It: 3130 - LR: 0.001/[0.001] - batch loss: 2.70E-01
[17:05:45] TRAINING L:313-<module>: T-It: 3135 - LR: 0.001/[0.001] - batch loss: 2.69E-01
[17:05:45] TRAINING L:313-<module>: T-It: 3140 - LR: 0.001/[0.001] - batch loss: 2.64E-01
[17:05:45] TRAINING L:313-<module>: T-It: 3145 - LR: 0.001/[0.001] - batch loss: 2.73E-01
[17:05:46] TRAINING L:313-<module>: T-It: 3150 - LR: 0.001/[0.001] - batch loss: 2.67E-01
[17:05:46] TRAINING L:313-<module>: T-It: 3155 - LR: 0.001/[0.001] - batch loss: 2.67E-01
[17:05:46] TRAINING L:313-<module>: T-It: 3160 - LR: 0.001/[0.001] - batch loss: 2.69E-01
[17:05:46] TRAINING L:313-<module>: T-It: 3165 - LR: 0.001/[0.001] - batch loss: 2.66E-01
[17:05:47] TRAINING L:313-<module>: T-It: 3170 - LR: 0.001/[0.001] - batch loss: 2.68E-01
[17:05:47] TRAINING L:313-<module>: T-It: 3175 - LR: 0.001/[0.001] - batch loss: 2.74E-01
[17:05:47] TRAINING L:313-<module>: T-It: 3180 - LR: 0.001/[0.001] - batch loss: 2.66E-01
[17:05:47] TRAINING L:313-<module>: T-It: 3185 - LR: 0.001/[0.001] - batch loss: 2.72E-01
[17:05:48] TRAINING L:313-<module>: T-It: 3190 - LR: 0.001/[0.001] - batch loss: 2.73E-01
[17:05:48] TRAINING L:313-<module>: T-It: 3195 - LR: 0.001/[0.001] - batch loss: 2.77E-01
[17:05:48] TRAINING L:313-<module>: T-It: 3200 - LR: 0.001/[0.001] - batch loss: 2.69E-01
[17:05:48] INFO L:193-main: Iteration 3200. Start evaluation of validation data.
[17:05:52] INFO L:108-log_metrics: Start validation Logs at iteration 3200
[17:06:01] TRAINING L:313-<module>: Iteration: 3200 - TLoss: 2.94E-01 VLoss: 2.83E-01
[17:06:01] TRAINING L:313-<module>: T-It: 3205 - LR: 0.001/[0.001] - batch loss: 2.69E-01
[17:06:02] TRAINING L:313-<module>: T-It: 3210 - LR: 0.001/[0.001] - batch loss: 2.70E-01
[17:06:02] TRAINING L:313-<module>: T-It: 3215 - LR: 0.001/[0.001] - batch loss: 2.70E-01
[17:06:02] TRAINING L:313-<module>: T-It: 3220 - LR: 0.001/[0.001] - batch loss: 2.69E-01
[17:06:02] TRAINING L:313-<module>: T-It: 3225 - LR: 0.001/[0.001] - batch loss: 2.67E-01
[17:06:03] TRAINING L:313-<module>: T-It: 3230 - LR: 0.001/[0.001] - batch loss: 2.68E-01
[17:06:03] TRAINING L:313-<module>: T-It: 3235 - LR: 0.001/[0.001] - batch loss: 2.68E-01
[17:06:03] TRAINING L:313-<module>: T-It: 3240 - LR: 0.001/[0.001] - batch loss: 2.65E-01
[17:06:03] TRAINING L:313-<module>: T-It: 3245 - LR: 0.001/[0.001] - batch loss: 2.66E-01
[17:06:04] TRAINING L:313-<module>: T-It: 3250 - LR: 0.001/[0.001] - batch loss: 2.72E-01
[17:06:04] TRAINING L:313-<module>: T-It: 3255 - LR: 0.001/[0.001] - batch loss: 2.70E-01
[17:06:04] TRAINING L:313-<module>: T-It: 3260 - LR: 0.001/[0.001] - batch loss: 2.64E-01
[17:06:04] TRAINING L:313-<module>: T-It: 3265 - LR: 0.001/[0.001] - batch loss: 2.67E-01
[17:06:05] TRAINING L:313-<module>: T-It: 3270 - LR: 0.001/[0.001] - batch loss: 2.68E-01
[17:06:05] TRAINING L:313-<module>: T-It: 3275 - LR: 0.001/[0.001] - batch loss: 2.69E-01
[17:06:05] TRAINING L:313-<module>: T-It: 3280 - LR: 0.001/[0.001] - batch loss: 2.67E-01
[17:06:05] TRAINING L:313-<module>: T-It: 3285 - LR: 0.001/[0.001] - batch loss: 2.76E-01
[17:06:05] TRAINING L:313-<module>: T-It: 3290 - LR: 0.001/[0.001] - batch loss: 2.66E-01
[17:06:06] TRAINING L:313-<module>: T-It: 3295 - LR: 0.001/[0.001] - batch loss: 2.73E-01
[17:06:06] TRAINING L:313-<module>: T-It: 3300 - LR: 0.001/[0.001] - batch loss: 2.69E-01
[17:06:06] INFO L:193-main: Iteration 3300. Start evaluation of validation data.
[17:06:10] INFO L:108-log_metrics: Start validation Logs at iteration 3300
[17:06:19] TRAINING L:313-<module>: Iteration: 3300 - TLoss: 2.94E-01 VLoss: 2.64E-01
[17:06:20] TRAINING L:313-<module>: T-It: 3305 - LR: 0.001/[0.001] - batch loss: 2.65E-01
[17:06:20] TRAINING L:313-<module>: T-It: 3310 - LR: 0.001/[0.001] - batch loss: 2.75E-01
[17:06:20] TRAINING L:313-<module>: T-It: 3315 - LR: 0.001/[0.001] - batch loss: 2.69E-01
[17:06:20] TRAINING L:313-<module>: T-It: 3320 - LR: 0.001/[0.001] - batch loss: 2.70E-01
[17:06:21] TRAINING L:313-<module>: T-It: 3325 - LR: 0.001/[0.001] - batch loss: 2.64E-01
[17:06:21] TRAINING L:313-<module>: T-It: 3330 - LR: 0.001/[0.001] - batch loss: 2.70E-01
[17:06:21] TRAINING L:313-<module>: T-It: 3335 - LR: 0.001/[0.001] - batch loss: 2.65E-01
[17:06:21] TRAINING L:313-<module>: T-It: 3340 - LR: 0.001/[0.001] - batch loss: 2.70E-01
[17:06:22] TRAINING L:313-<module>: T-It: 3345 - LR: 0.001/[0.001] - batch loss: 2.70E-01
[17:06:22] TRAINING L:313-<module>: T-It: 3350 - LR: 0.001/[0.001] - batch loss: 2.71E-01
[17:06:22] TRAINING L:313-<module>: T-It: 3355 - LR: 0.001/[0.001] - batch loss: 2.71E-01
[17:06:22] TRAINING L:313-<module>: T-It: 3360 - LR: 0.001/[0.001] - batch loss: 2.68E-01
[17:06:23] TRAINING L:313-<module>: T-It: 3365 - LR: 0.001/[0.001] - batch loss: 2.67E-01
[17:06:23] TRAINING L:313-<module>: T-It: 3370 - LR: 0.001/[0.001] - batch loss: 2.67E-01
[17:06:23] TRAINING L:313-<module>: T-It: 3375 - LR: 0.001/[0.001] - batch loss: 2.73E-01
[17:06:23] TRAINING L:313-<module>: T-It: 3380 - LR: 0.001/[0.001] - batch loss: 2.69E-01
[17:06:24] TRAINING L:313-<module>: T-It: 3385 - LR: 0.001/[0.001] - batch loss: 2.66E-01
[17:06:24] TRAINING L:313-<module>: T-It: 3390 - LR: 0.001/[0.001] - batch loss: 2.68E-01
[17:06:24] TRAINING L:313-<module>: T-It: 3395 - LR: 0.001/[0.001] - batch loss: 2.72E-01
[17:06:24] TRAINING L:313-<module>: T-It: 3400 - LR: 0.001/[0.001] - batch loss: 2.64E-01
[17:06:24] INFO L:193-main: Iteration 3400. Start evaluation of validation data.
[17:06:28] INFO L:108-log_metrics: Start validation Logs at iteration 3400
[17:06:37] TRAINING L:313-<module>: Iteration: 3400 - TLoss: 2.94E-01 VLoss: 2.66E-01
[17:06:37] TRAINING L:313-<module>: T-It: 3405 - LR: 0.001/[0.001] - batch loss: 2.71E-01
[17:06:38] TRAINING L:313-<module>: T-It: 3410 - LR: 0.001/[0.001] - batch loss: 2.64E-01
[17:06:38] TRAINING L:313-<module>: T-It: 3415 - LR: 0.001/[0.001] - batch loss: 2.70E-01
[17:06:38] TRAINING L:313-<module>: T-It: 3420 - LR: 0.001/[0.001] - batch loss: 2.67E-01
[17:06:38] TRAINING L:313-<module>: T-It: 3425 - LR: 0.001/[0.001] - batch loss: 2.73E-01
[17:06:39] TRAINING L:313-<module>: T-It: 3430 - LR: 0.001/[0.001] - batch loss: 2.67E-01
[17:06:39] TRAINING L:313-<module>: T-It: 3435 - LR: 0.001/[0.001] - batch loss: 2.73E-01
[17:06:39] TRAINING L:313-<module>: T-It: 3440 - LR: 0.001/[0.001] - batch loss: 2.64E-01
[17:06:39] TRAINING L:313-<module>: T-It: 3445 - LR: 0.001/[0.001] - batch loss: 2.67E-01
[17:06:40] TRAINING L:313-<module>: T-It: 3450 - LR: 0.001/[0.001] - batch loss: 2.71E-01
[17:06:40] TRAINING L:313-<module>: T-It: 3455 - LR: 0.001/[0.001] - batch loss: 2.66E-01
[17:06:40] TRAINING L:313-<module>: T-It: 3460 - LR: 0.001/[0.001] - batch loss: 2.67E-01
[17:06:40] TRAINING L:313-<module>: T-It: 3465 - LR: 0.001/[0.001] - batch loss: 2.71E-01
[17:06:41] TRAINING L:313-<module>: T-It: 3470 - LR: 0.001/[0.001] - batch loss: 2.71E-01
[17:06:41] TRAINING L:313-<module>: T-It: 3475 - LR: 0.001/[0.001] - batch loss: 2.73E-01
[17:06:41] TRAINING L:313-<module>: T-It: 3480 - LR: 0.001/[0.001] - batch loss: 2.67E-01
[17:06:41] TRAINING L:313-<module>: T-It: 3485 - LR: 0.001/[0.001] - batch loss: 2.74E-01
[17:06:42] TRAINING L:313-<module>: T-It: 3490 - LR: 0.001/[0.001] - batch loss: 2.65E-01
[17:06:42] TRAINING L:313-<module>: T-It: 3495 - LR: 0.001/[0.001] - batch loss: 2.74E-01
[17:06:42] TRAINING L:313-<module>: T-It: 3500 - LR: 0.001/[0.001] - batch loss: 2.68E-01
[17:06:42] INFO L:146-main: Iteration 3500. Start evaluation of training data.
[17:06:54] INFO L:108-log_metrics: Start train Logs at iteration 3500
[17:07:15] INFO L:193-main: Iteration 3500. Start evaluation of validation data.
[17:07:20] INFO L:108-log_metrics: Start validation Logs at iteration 3500
[17:07:28] TRAINING L:313-<module>: Iteration: 3500 - TLoss: 2.78E-01 VLoss: 2.64E-01
[17:07:29] TRAINING L:313-<module>: T-It: 3505 - LR: 0.001/[0.001] - batch loss: 2.68E-01
[17:07:29] TRAINING L:313-<module>: T-It: 3510 - LR: 0.001/[0.001] - batch loss: 2.63E-01
[17:07:29] TRAINING L:313-<module>: T-It: 3515 - LR: 0.001/[0.001] - batch loss: 2.64E-01
[17:07:29] TRAINING L:313-<module>: T-It: 3520 - LR: 0.001/[0.001] - batch loss: 2.66E-01
[17:07:30] TRAINING L:313-<module>: T-It: 3525 - LR: 0.001/[0.001] - batch loss: 2.71E-01
[17:07:30] TRAINING L:313-<module>: T-It: 3530 - LR: 0.001/[0.001] - batch loss: 2.62E-01
[17:07:30] TRAINING L:313-<module>: T-It: 3535 - LR: 0.001/[0.001] - batch loss: 2.72E-01
[17:07:30] TRAINING L:313-<module>: T-It: 3540 - LR: 0.001/[0.001] - batch loss: 2.64E-01
[17:07:31] TRAINING L:313-<module>: T-It: 3545 - LR: 0.001/[0.001] - batch loss: 2.72E-01
[17:07:31] TRAINING L:313-<module>: T-It: 3550 - LR: 0.001/[0.001] - batch loss: 2.62E-01
[17:07:31] TRAINING L:313-<module>: T-It: 3555 - LR: 0.001/[0.001] - batch loss: 2.63E-01
[17:07:31] TRAINING L:313-<module>: T-It: 3560 - LR: 0.001/[0.001] - batch loss: 2.68E-01
[17:07:32] TRAINING L:313-<module>: T-It: 3565 - LR: 0.001/[0.001] - batch loss: 2.68E-01
[17:07:32] TRAINING L:313-<module>: T-It: 3570 - LR: 0.001/[0.001] - batch loss: 2.71E-01
[17:07:32] TRAINING L:313-<module>: T-It: 3575 - LR: 0.001/[0.001] - batch loss: 2.65E-01
[17:07:32] TRAINING L:313-<module>: T-It: 3580 - LR: 0.001/[0.001] - batch loss: 2.64E-01
[17:07:33] TRAINING L:313-<module>: T-It: 3585 - LR: 0.001/[0.001] - batch loss: 2.68E-01
[17:07:33] TRAINING L:313-<module>: T-It: 3590 - LR: 0.001/[0.001] - batch loss: 2.67E-01
[17:07:33] TRAINING L:313-<module>: T-It: 3595 - LR: 0.001/[0.001] - batch loss: 2.70E-01
[17:07:33] TRAINING L:313-<module>: T-It: 3600 - LR: 0.001/[0.001] - batch loss: 2.65E-01
[17:07:33] INFO L:193-main: Iteration 3600. Start evaluation of validation data.
[17:07:38] INFO L:108-log_metrics: Start validation Logs at iteration 3600
[17:07:47] TRAINING L:313-<module>: Iteration: 3600 - TLoss: 2.78E-01 VLoss: 2.63E-01
[17:07:47] TRAINING L:313-<module>: T-It: 3605 - LR: 0.001/[0.001] - batch loss: 2.66E-01
[17:07:47] TRAINING L:313-<module>: T-It: 3610 - LR: 0.001/[0.001] - batch loss: 2.61E-01
[17:07:48] TRAINING L:313-<module>: T-It: 3615 - LR: 0.001/[0.001] - batch loss: 2.62E-01
[17:07:48] TRAINING L:313-<module>: T-It: 3620 - LR: 0.001/[0.001] - batch loss: 2.67E-01
[17:07:48] TRAINING L:313-<module>: T-It: 3625 - LR: 0.001/[0.001] - batch loss: 2.66E-01
[17:07:48] TRAINING L:313-<module>: T-It: 3630 - LR: 0.001/[0.001] - batch loss: 2.69E-01
[17:07:49] TRAINING L:313-<module>: T-It: 3635 - LR: 0.001/[0.001] - batch loss: 2.69E-01
[17:07:49] TRAINING L:313-<module>: T-It: 3640 - LR: 0.001/[0.001] - batch loss: 2.65E-01
[17:07:49] TRAINING L:313-<module>: T-It: 3645 - LR: 0.001/[0.001] - batch loss: 2.67E-01
[17:07:49] TRAINING L:313-<module>: T-It: 3650 - LR: 0.001/[0.001] - batch loss: 2.64E-01
[17:07:50] TRAINING L:313-<module>: T-It: 3655 - LR: 0.001/[0.001] - batch loss: 2.68E-01
[17:07:50] TRAINING L:313-<module>: T-It: 3660 - LR: 0.001/[0.001] - batch loss: 2.62E-01
[17:07:50] TRAINING L:313-<module>: T-It: 3665 - LR: 0.001/[0.001] - batch loss: 2.66E-01
[17:07:50] TRAINING L:313-<module>: T-It: 3670 - LR: 0.001/[0.001] - batch loss: 2.66E-01
[17:07:51] TRAINING L:313-<module>: T-It: 3675 - LR: 0.001/[0.001] - batch loss: 2.64E-01
[17:07:51] TRAINING L:313-<module>: T-It: 3680 - LR: 0.001/[0.001] - batch loss: 2.70E-01
[17:07:51] TRAINING L:313-<module>: T-It: 3685 - LR: 0.001/[0.001] - batch loss: 2.75E-01
[17:07:51] TRAINING L:313-<module>: T-It: 3690 - LR: 0.001/[0.001] - batch loss: 2.65E-01
[17:07:52] TRAINING L:313-<module>: T-It: 3695 - LR: 0.001/[0.001] - batch loss: 2.67E-01
[17:07:52] TRAINING L:313-<module>: T-It: 3700 - LR: 0.001/[0.001] - batch loss: 2.69E-01
[17:07:52] INFO L:193-main: Iteration 3700. Start evaluation of validation data.
[17:07:56] INFO L:108-log_metrics: Start validation Logs at iteration 3700
[17:08:05] TRAINING L:313-<module>: Iteration: 3700 - TLoss: 2.78E-01 VLoss: 2.53E-01
[17:08:05] INFO L:97-check_criteria: Checkpoint criteria trigger started at 2.532446E-01 - after 10 waiting epochs
[17:08:06] TRAINING L:313-<module>: T-It: 3705 - LR: 0.001/[0.001] - batch loss: 2.71E-01
[17:08:06] TRAINING L:313-<module>: T-It: 3710 - LR: 0.001/[0.001] - batch loss: 2.71E-01
[17:08:06] TRAINING L:313-<module>: T-It: 3715 - LR: 0.001/[0.001] - batch loss: 2.65E-01
[17:08:07] TRAINING L:313-<module>: T-It: 3720 - LR: 0.001/[0.001] - batch loss: 2.68E-01
[17:08:07] TRAINING L:313-<module>: T-It: 3725 - LR: 0.001/[0.001] - batch loss: 2.70E-01
[17:08:07] TRAINING L:313-<module>: T-It: 3730 - LR: 0.001/[0.001] - batch loss: 2.66E-01
[17:08:07] TRAINING L:313-<module>: T-It: 3735 - LR: 0.001/[0.001] - batch loss: 2.63E-01
[17:08:08] TRAINING L:313-<module>: T-It: 3740 - LR: 0.001/[0.001] - batch loss: 2.69E-01
[17:08:08] TRAINING L:313-<module>: T-It: 3745 - LR: 0.001/[0.001] - batch loss: 2.70E-01
[17:08:08] TRAINING L:313-<module>: T-It: 3750 - LR: 0.001/[0.001] - batch loss: 2.67E-01
[17:08:08] TRAINING L:313-<module>: T-It: 3755 - LR: 0.001/[0.001] - batch loss: 2.65E-01
[17:08:09] TRAINING L:313-<module>: T-It: 3760 - LR: 0.001/[0.001] - batch loss: 2.71E-01
[17:08:09] TRAINING L:313-<module>: T-It: 3765 - LR: 0.001/[0.001] - batch loss: 2.58E-01
[17:08:09] TRAINING L:313-<module>: T-It: 3770 - LR: 0.001/[0.001] - batch loss: 2.67E-01
[17:08:09] TRAINING L:313-<module>: T-It: 3775 - LR: 0.001/[0.001] - batch loss: 2.65E-01
[17:08:10] TRAINING L:313-<module>: T-It: 3780 - LR: 0.001/[0.001] - batch loss: 2.67E-01
[17:08:10] TRAINING L:313-<module>: T-It: 3785 - LR: 0.001/[0.001] - batch loss: 2.73E-01
[17:08:10] TRAINING L:313-<module>: T-It: 3790 - LR: 0.001/[0.001] - batch loss: 2.68E-01
[17:08:10] TRAINING L:313-<module>: T-It: 3795 - LR: 0.001/[0.001] - batch loss: 2.66E-01
[17:08:11] TRAINING L:313-<module>: T-It: 3800 - LR: 0.001/[0.001] - batch loss: 2.66E-01
[17:08:11] INFO L:193-main: Iteration 3800. Start evaluation of validation data.
[17:08:15] INFO L:108-log_metrics: Start validation Logs at iteration 3800
[17:08:24] TRAINING L:313-<module>: Iteration: 3800 - TLoss: 2.78E-01 VLoss: 2.84E-01
[17:08:24] TRAINING L:313-<module>: T-It: 3805 - LR: 0.001/[0.001] - batch loss: 2.61E-01
[17:08:24] TRAINING L:313-<module>: T-It: 3810 - LR: 0.001/[0.001] - batch loss: 2.69E-01
[17:08:24] TRAINING L:313-<module>: T-It: 3815 - LR: 0.001/[0.001] - batch loss: 2.65E-01
[17:08:25] TRAINING L:313-<module>: T-It: 3820 - LR: 0.001/[0.001] - batch loss: 2.63E-01
[17:08:25] TRAINING L:313-<module>: T-It: 3825 - LR: 0.001/[0.001] - batch loss: 2.66E-01
[17:08:25] TRAINING L:313-<module>: T-It: 3830 - LR: 0.001/[0.001] - batch loss: 2.62E-01
[17:08:25] TRAINING L:313-<module>: T-It: 3835 - LR: 0.001/[0.001] - batch loss: 2.67E-01
[17:08:26] TRAINING L:313-<module>: T-It: 3840 - LR: 0.001/[0.001] - batch loss: 2.63E-01
[17:08:26] TRAINING L:313-<module>: T-It: 3845 - LR: 0.001/[0.001] - batch loss: 2.66E-01
[17:08:26] TRAINING L:313-<module>: T-It: 3850 - LR: 0.001/[0.001] - batch loss: 2.63E-01
[17:08:26] TRAINING L:313-<module>: T-It: 3855 - LR: 0.001/[0.001] - batch loss: 2.66E-01
[17:08:27] TRAINING L:313-<module>: T-It: 3860 - LR: 0.001/[0.001] - batch loss: 2.62E-01
[17:08:27] TRAINING L:313-<module>: T-It: 3865 - LR: 0.001/[0.001] - batch loss: 2.67E-01
[17:08:27] TRAINING L:313-<module>: T-It: 3870 - LR: 0.001/[0.001] - batch loss: 2.67E-01
[17:08:27] TRAINING L:313-<module>: T-It: 3875 - LR: 0.001/[0.001] - batch loss: 2.65E-01
[17:08:28] TRAINING L:313-<module>: T-It: 3880 - LR: 0.001/[0.001] - batch loss: 2.67E-01
[17:08:28] TRAINING L:313-<module>: T-It: 3885 - LR: 0.001/[0.001] - batch loss: 2.66E-01
[17:08:28] TRAINING L:313-<module>: T-It: 3890 - LR: 0.001/[0.001] - batch loss: 2.61E-01
[17:08:28] TRAINING L:313-<module>: T-It: 3895 - LR: 0.001/[0.001] - batch loss: 2.69E-01
[17:08:29] TRAINING L:313-<module>: T-It: 3900 - LR: 0.001/[0.001] - batch loss: 2.65E-01
[17:08:29] INFO L:193-main: Iteration 3900. Start evaluation of validation data.
[17:08:33] INFO L:108-log_metrics: Start validation Logs at iteration 3900
[17:08:42] TRAINING L:313-<module>: Iteration: 3900 - TLoss: 2.78E-01 VLoss: 2.62E-01
[17:08:42] TRAINING L:313-<module>: T-It: 3905 - LR: 0.001/[0.001] - batch loss: 2.65E-01
[17:08:42] TRAINING L:313-<module>: T-It: 3910 - LR: 0.001/[0.001] - batch loss: 2.68E-01
[17:08:43] TRAINING L:313-<module>: T-It: 3915 - LR: 0.001/[0.001] - batch loss: 2.67E-01
[17:08:43] TRAINING L:313-<module>: T-It: 3920 - LR: 0.001/[0.001] - batch loss: 2.66E-01
[17:08:43] TRAINING L:313-<module>: T-It: 3925 - LR: 0.001/[0.001] - batch loss: 2.61E-01
[17:08:44] TRAINING L:313-<module>: T-It: 3930 - LR: 0.001/[0.001] - batch loss: 2.67E-01
[17:08:44] TRAINING L:313-<module>: T-It: 3935 - LR: 0.001/[0.001] - batch loss: 2.66E-01
[17:08:44] TRAINING L:313-<module>: T-It: 3940 - LR: 0.001/[0.001] - batch loss: 2.65E-01
[17:08:44] TRAINING L:313-<module>: T-It: 3945 - LR: 0.001/[0.001] - batch loss: 2.58E-01
[17:08:45] TRAINING L:313-<module>: T-It: 3950 - LR: 0.001/[0.001] - batch loss: 2.67E-01
[17:08:45] TRAINING L:313-<module>: T-It: 3955 - LR: 0.001/[0.001] - batch loss: 2.68E-01
[17:08:45] TRAINING L:313-<module>: T-It: 3960 - LR: 0.001/[0.001] - batch loss: 2.68E-01
[17:08:45] TRAINING L:313-<module>: T-It: 3965 - LR: 0.001/[0.001] - batch loss: 2.65E-01
[17:08:46] TRAINING L:313-<module>: T-It: 3970 - LR: 0.001/[0.001] - batch loss: 2.64E-01
[17:08:46] TRAINING L:313-<module>: T-It: 3975 - LR: 0.001/[0.001] - batch loss: 2.64E-01
[17:08:46] TRAINING L:313-<module>: T-It: 3980 - LR: 0.001/[0.001] - batch loss: 2.65E-01
[17:08:46] TRAINING L:313-<module>: T-It: 3985 - LR: 0.001/[0.001] - batch loss: 2.64E-01
[17:08:47] TRAINING L:313-<module>: T-It: 3990 - LR: 0.001/[0.001] - batch loss: 2.67E-01
[17:08:47] TRAINING L:313-<module>: T-It: 3995 - LR: 0.001/[0.001] - batch loss: 2.65E-01
[17:08:47] TRAINING L:313-<module>: T-It: 4000 - LR: 0.001/[0.001] - batch loss: 2.61E-01
[17:08:47] INFO L:146-main: Iteration 4000. Start evaluation of training data.
[17:08:59] INFO L:108-log_metrics: Start train Logs at iteration 4000
[17:09:21] INFO L:193-main: Iteration 4000. Start evaluation of validation data.
[17:09:25] INFO L:108-log_metrics: Start validation Logs at iteration 4000
[17:09:34] TRAINING L:313-<module>: Iteration: 4000 - TLoss: 2.59E-01 VLoss: 2.50E-01
[17:09:34] INFO L:97-check_criteria: Checkpoint criteria trigger started at 2.499226E-01 - after 2 waiting epochs
[17:09:34] TRAINING L:313-<module>: T-It: 4005 - LR: 0.001/[0.001] - batch loss: 2.66E-01
[17:09:34] TRAINING L:313-<module>: T-It: 4010 - LR: 0.001/[0.001] - batch loss: 2.65E-01
[17:09:35] TRAINING L:313-<module>: T-It: 4015 - LR: 0.001/[0.001] - batch loss: 2.63E-01
[17:09:35] TRAINING L:313-<module>: T-It: 4020 - LR: 0.001/[0.001] - batch loss: 2.61E-01
[17:09:35] TRAINING L:313-<module>: T-It: 4025 - LR: 0.001/[0.001] - batch loss: 2.64E-01
[17:09:35] TRAINING L:313-<module>: T-It: 4030 - LR: 0.001/[0.001] - batch loss: 2.67E-01
[17:09:36] TRAINING L:313-<module>: T-It: 4035 - LR: 0.001/[0.001] - batch loss: 2.63E-01
[17:09:36] TRAINING L:313-<module>: T-It: 4040 - LR: 0.001/[0.001] - batch loss: 2.65E-01
[17:09:36] TRAINING L:313-<module>: T-It: 4045 - LR: 0.001/[0.001] - batch loss: 2.62E-01
[17:09:36] TRAINING L:313-<module>: T-It: 4050 - LR: 0.001/[0.001] - batch loss: 2.70E-01
[17:09:37] TRAINING L:313-<module>: T-It: 4055 - LR: 0.001/[0.001] - batch loss: 2.64E-01
[17:09:37] TRAINING L:313-<module>: T-It: 4060 - LR: 0.001/[0.001] - batch loss: 2.61E-01
[17:09:37] TRAINING L:313-<module>: T-It: 4065 - LR: 0.001/[0.001] - batch loss: 2.66E-01
[17:09:37] TRAINING L:313-<module>: T-It: 4070 - LR: 0.001/[0.001] - batch loss: 2.58E-01
[17:09:38] TRAINING L:313-<module>: T-It: 4075 - LR: 0.001/[0.001] - batch loss: 2.64E-01
[17:09:38] TRAINING L:313-<module>: T-It: 4080 - LR: 0.001/[0.001] - batch loss: 2.69E-01
[17:09:38] TRAINING L:313-<module>: T-It: 4085 - LR: 0.001/[0.001] - batch loss: 2.69E-01
[17:09:38] TRAINING L:313-<module>: T-It: 4090 - LR: 0.001/[0.001] - batch loss: 2.66E-01
[17:09:38] TRAINING L:313-<module>: T-It: 4095 - LR: 0.001/[0.001] - batch loss: 2.69E-01
[17:09:39] TRAINING L:313-<module>: T-It: 4100 - LR: 0.001/[0.001] - batch loss: 2.60E-01
[17:09:39] INFO L:193-main: Iteration 4100. Start evaluation of validation data.
[17:09:43] INFO L:108-log_metrics: Start validation Logs at iteration 4100
[17:09:52] TRAINING L:313-<module>: Iteration: 4100 - TLoss: 2.59E-01 VLoss: 2.46E-01
[17:09:52] INFO L:97-check_criteria: Checkpoint criteria trigger started at 2.460166E-01 - after 0 waiting epochs
[17:09:52] TRAINING L:313-<module>: T-It: 4105 - LR: 0.001/[0.001] - batch loss: 2.62E-01
[17:09:52] TRAINING L:313-<module>: T-It: 4110 - LR: 0.001/[0.001] - batch loss: 2.63E-01
[17:09:53] TRAINING L:313-<module>: T-It: 4115 - LR: 0.001/[0.001] - batch loss: 2.62E-01
[17:09:53] TRAINING L:313-<module>: T-It: 4120 - LR: 0.001/[0.001] - batch loss: 2.65E-01
[17:09:53] TRAINING L:313-<module>: T-It: 4125 - LR: 0.001/[0.001] - batch loss: 2.68E-01
[17:09:53] TRAINING L:313-<module>: T-It: 4130 - LR: 0.001/[0.001] - batch loss: 2.61E-01
[17:09:54] TRAINING L:313-<module>: T-It: 4135 - LR: 0.001/[0.001] - batch loss: 2.66E-01
[17:09:54] TRAINING L:313-<module>: T-It: 4140 - LR: 0.001/[0.001] - batch loss: 2.65E-01
[17:09:54] TRAINING L:313-<module>: T-It: 4145 - LR: 0.001/[0.001] - batch loss: 2.66E-01
[17:09:54] TRAINING L:313-<module>: T-It: 4150 - LR: 0.001/[0.001] - batch loss: 2.67E-01
[17:09:55] TRAINING L:313-<module>: T-It: 4155 - LR: 0.001/[0.001] - batch loss: 2.65E-01
[17:09:55] TRAINING L:313-<module>: T-It: 4160 - LR: 0.001/[0.001] - batch loss: 2.65E-01
[17:09:55] TRAINING L:313-<module>: T-It: 4165 - LR: 0.001/[0.001] - batch loss: 2.63E-01
[17:09:55] TRAINING L:313-<module>: T-It: 4170 - LR: 0.001/[0.001] - batch loss: 2.67E-01
[17:09:55] TRAINING L:313-<module>: T-It: 4175 - LR: 0.001/[0.001] - batch loss: 2.63E-01
[17:09:56] TRAINING L:313-<module>: T-It: 4180 - LR: 0.001/[0.001] - batch loss: 2.64E-01
[17:09:56] TRAINING L:313-<module>: T-It: 4185 - LR: 0.001/[0.001] - batch loss: 2.64E-01
[17:09:56] TRAINING L:313-<module>: T-It: 4190 - LR: 0.001/[0.001] - batch loss: 2.64E-01
[17:09:56] TRAINING L:313-<module>: T-It: 4195 - LR: 0.001/[0.001] - batch loss: 2.67E-01
[17:09:57] TRAINING L:313-<module>: T-It: 4200 - LR: 0.001/[0.001] - batch loss: 2.68E-01
[17:09:57] INFO L:193-main: Iteration 4200. Start evaluation of validation data.
[17:10:01] INFO L:108-log_metrics: Start validation Logs at iteration 4200
[17:10:10] TRAINING L:313-<module>: Iteration: 4200 - TLoss: 2.59E-01 VLoss: 2.63E-01
[17:10:10] TRAINING L:313-<module>: T-It: 4205 - LR: 0.001/[0.001] - batch loss: 2.61E-01
[17:10:10] TRAINING L:313-<module>: T-It: 4210 - LR: 0.001/[0.001] - batch loss: 2.66E-01
[17:10:10] TRAINING L:313-<module>: T-It: 4215 - LR: 0.001/[0.001] - batch loss: 2.60E-01
[17:10:11] TRAINING L:313-<module>: T-It: 4220 - LR: 0.001/[0.001] - batch loss: 2.62E-01
[17:10:11] TRAINING L:313-<module>: T-It: 4225 - LR: 0.001/[0.001] - batch loss: 2.60E-01
[17:10:11] TRAINING L:313-<module>: T-It: 4230 - LR: 0.001/[0.001] - batch loss: 2.57E-01
[17:10:11] TRAINING L:313-<module>: T-It: 4235 - LR: 0.001/[0.001] - batch loss: 2.61E-01
[17:10:12] TRAINING L:313-<module>: T-It: 4240 - LR: 0.001/[0.001] - batch loss: 2.59E-01
[17:10:12] TRAINING L:313-<module>: T-It: 4245 - LR: 0.001/[0.001] - batch loss: 2.62E-01
[17:10:12] TRAINING L:313-<module>: T-It: 4250 - LR: 0.001/[0.001] - batch loss: 2.58E-01
[17:10:12] TRAINING L:313-<module>: T-It: 4255 - LR: 0.001/[0.001] - batch loss: 2.67E-01
[17:10:13] TRAINING L:313-<module>: T-It: 4260 - LR: 0.001/[0.001] - batch loss: 2.62E-01
[17:10:13] TRAINING L:313-<module>: T-It: 4265 - LR: 0.001/[0.001] - batch loss: 2.61E-01
[17:10:13] TRAINING L:313-<module>: T-It: 4270 - LR: 0.001/[0.001] - batch loss: 2.66E-01
[17:10:13] TRAINING L:313-<module>: T-It: 4275 - LR: 0.001/[0.001] - batch loss: 2.55E-01
[17:10:14] TRAINING L:313-<module>: T-It: 4280 - LR: 0.001/[0.001] - batch loss: 2.62E-01
[17:10:14] TRAINING L:313-<module>: T-It: 4285 - LR: 0.001/[0.001] - batch loss: 2.61E-01
[17:10:14] TRAINING L:313-<module>: T-It: 4290 - LR: 0.001/[0.001] - batch loss: 2.62E-01
[17:10:14] TRAINING L:313-<module>: T-It: 4295 - LR: 0.001/[0.001] - batch loss: 2.64E-01
[17:10:15] TRAINING L:313-<module>: T-It: 4300 - LR: 0.001/[0.001] - batch loss: 2.61E-01
[17:10:15] INFO L:193-main: Iteration 4300. Start evaluation of validation data.
[17:10:19] INFO L:108-log_metrics: Start validation Logs at iteration 4300
[17:10:28] TRAINING L:313-<module>: Iteration: 4300 - TLoss: 2.59E-01 VLoss: 2.71E-01
[17:10:28] TRAINING L:313-<module>: T-It: 4305 - LR: 0.001/[0.001] - batch loss: 2.70E-01
[17:10:29] TRAINING L:313-<module>: T-It: 4310 - LR: 0.001/[0.001] - batch loss: 2.63E-01
[17:10:29] TRAINING L:313-<module>: T-It: 4315 - LR: 0.001/[0.001] - batch loss: 2.60E-01
[17:10:29] TRAINING L:313-<module>: T-It: 4320 - LR: 0.001/[0.001] - batch loss: 2.62E-01
[17:10:29] TRAINING L:313-<module>: T-It: 4325 - LR: 0.001/[0.001] - batch loss: 2.56E-01
[17:10:30] TRAINING L:313-<module>: T-It: 4330 - LR: 0.001/[0.001] - batch loss: 2.64E-01
[17:10:30] TRAINING L:313-<module>: T-It: 4335 - LR: 0.001/[0.001] - batch loss: 2.66E-01
[17:10:30] TRAINING L:313-<module>: T-It: 4340 - LR: 0.001/[0.001] - batch loss: 2.63E-01
[17:10:30] TRAINING L:313-<module>: T-It: 4345 - LR: 0.001/[0.001] - batch loss: 2.64E-01
[17:10:31] TRAINING L:313-<module>: T-It: 4350 - LR: 0.001/[0.001] - batch loss: 2.66E-01
[17:10:31] TRAINING L:313-<module>: T-It: 4355 - LR: 0.001/[0.001] - batch loss: 2.59E-01
[17:10:31] TRAINING L:313-<module>: T-It: 4360 - LR: 0.001/[0.001] - batch loss: 2.63E-01
[17:10:31] TRAINING L:313-<module>: T-It: 4365 - LR: 0.001/[0.001] - batch loss: 2.53E-01
[17:10:32] TRAINING L:313-<module>: T-It: 4370 - LR: 0.001/[0.001] - batch loss: 2.59E-01
[17:10:32] TRAINING L:313-<module>: T-It: 4375 - LR: 0.001/[0.001] - batch loss: 2.60E-01
[17:10:32] TRAINING L:313-<module>: T-It: 4380 - LR: 0.001/[0.001] - batch loss: 2.62E-01
[17:10:32] TRAINING L:313-<module>: T-It: 4385 - LR: 0.001/[0.001] - batch loss: 2.61E-01
[17:10:33] TRAINING L:313-<module>: T-It: 4390 - LR: 0.001/[0.001] - batch loss: 2.64E-01
[17:10:33] TRAINING L:313-<module>: T-It: 4395 - LR: 0.001/[0.001] - batch loss: 2.64E-01
[17:10:33] TRAINING L:313-<module>: T-It: 4400 - LR: 0.001/[0.001] - batch loss: 2.70E-01
[17:10:33] INFO L:193-main: Iteration 4400. Start evaluation of validation data.
[17:10:37] INFO L:108-log_metrics: Start validation Logs at iteration 4400
[17:10:46] TRAINING L:313-<module>: Iteration: 4400 - TLoss: 2.59E-01 VLoss: 2.61E-01
[17:10:46] TRAINING L:313-<module>: T-It: 4405 - LR: 0.001/[0.001] - batch loss: 2.65E-01
[17:10:47] TRAINING L:313-<module>: T-It: 4410 - LR: 0.001/[0.001] - batch loss: 2.58E-01
[17:10:47] TRAINING L:313-<module>: T-It: 4415 - LR: 0.001/[0.001] - batch loss: 2.57E-01
[17:10:47] TRAINING L:313-<module>: T-It: 4420 - LR: 0.001/[0.001] - batch loss: 2.63E-01
[17:10:47] TRAINING L:313-<module>: T-It: 4425 - LR: 0.001/[0.001] - batch loss: 2.63E-01
[17:10:48] TRAINING L:313-<module>: T-It: 4430 - LR: 0.001/[0.001] - batch loss: 2.66E-01
[17:10:48] TRAINING L:313-<module>: T-It: 4435 - LR: 0.001/[0.001] - batch loss: 2.61E-01
[17:10:48] TRAINING L:313-<module>: T-It: 4440 - LR: 0.001/[0.001] - batch loss: 2.65E-01
[17:10:48] TRAINING L:313-<module>: T-It: 4445 - LR: 0.001/[0.001] - batch loss: 2.60E-01
[17:10:49] TRAINING L:313-<module>: T-It: 4450 - LR: 0.001/[0.001] - batch loss: 2.62E-01
[17:10:49] TRAINING L:313-<module>: T-It: 4455 - LR: 0.001/[0.001] - batch loss: 2.69E-01
[17:10:49] TRAINING L:313-<module>: T-It: 4460 - LR: 0.001/[0.001] - batch loss: 2.64E-01
[17:10:49] TRAINING L:313-<module>: T-It: 4465 - LR: 0.001/[0.001] - batch loss: 2.62E-01
[17:10:50] TRAINING L:313-<module>: T-It: 4470 - LR: 0.001/[0.001] - batch loss: 2.59E-01
[17:10:50] TRAINING L:313-<module>: T-It: 4475 - LR: 0.001/[0.001] - batch loss: 2.60E-01
[17:10:50] TRAINING L:313-<module>: T-It: 4480 - LR: 0.001/[0.001] - batch loss: 2.63E-01
[17:10:50] TRAINING L:313-<module>: T-It: 4485 - LR: 0.001/[0.001] - batch loss: 2.60E-01
[17:10:51] TRAINING L:313-<module>: T-It: 4490 - LR: 0.001/[0.001] - batch loss: 2.63E-01
[17:10:51] TRAINING L:313-<module>: T-It: 4495 - LR: 0.001/[0.001] - batch loss: 2.67E-01
[17:10:51] TRAINING L:313-<module>: T-It: 4500 - LR: 0.001/[0.001] - batch loss: 2.60E-01
[17:10:51] INFO L:146-main: Iteration 4500. Start evaluation of training data.
[17:11:03] INFO L:108-log_metrics: Start train Logs at iteration 4500
[17:11:24] INFO L:193-main: Iteration 4500. Start evaluation of validation data.
[17:11:29] INFO L:108-log_metrics: Start validation Logs at iteration 4500
[17:11:38] TRAINING L:313-<module>: Iteration: 4500 - TLoss: 2.74E-01 VLoss: 2.60E-01
[17:11:38] TRAINING L:313-<module>: T-It: 4505 - LR: 0.001/[0.001] - batch loss: 2.65E-01
[17:11:38] TRAINING L:313-<module>: T-It: 4510 - LR: 0.001/[0.001] - batch loss: 2.68E-01
[17:11:38] TRAINING L:313-<module>: T-It: 4515 - LR: 0.001/[0.001] - batch loss: 2.63E-01
[17:11:39] TRAINING L:313-<module>: T-It: 4520 - LR: 0.001/[0.001] - batch loss: 2.64E-01
[17:11:39] TRAINING L:313-<module>: T-It: 4525 - LR: 0.001/[0.001] - batch loss: 2.67E-01
[17:11:39] TRAINING L:313-<module>: T-It: 4530 - LR: 0.001/[0.001] - batch loss: 2.58E-01
[17:11:39] TRAINING L:313-<module>: T-It: 4535 - LR: 0.001/[0.001] - batch loss: 2.62E-01
[17:11:40] TRAINING L:313-<module>: T-It: 4540 - LR: 0.001/[0.001] - batch loss: 2.64E-01
[17:11:40] TRAINING L:313-<module>: T-It: 4545 - LR: 0.001/[0.001] - batch loss: 2.64E-01
[17:11:40] TRAINING L:313-<module>: T-It: 4550 - LR: 0.001/[0.001] - batch loss: 2.60E-01
[17:11:40] TRAINING L:313-<module>: T-It: 4555 - LR: 0.001/[0.001] - batch loss: 2.68E-01
[17:11:41] TRAINING L:313-<module>: T-It: 4560 - LR: 0.001/[0.001] - batch loss: 2.60E-01
[17:11:41] TRAINING L:313-<module>: T-It: 4565 - LR: 0.001/[0.001] - batch loss: 2.59E-01
[17:11:41] TRAINING L:313-<module>: T-It: 4570 - LR: 0.001/[0.001] - batch loss: 2.56E-01
[17:11:41] TRAINING L:313-<module>: T-It: 4575 - LR: 0.001/[0.001] - batch loss: 2.62E-01
[17:11:42] TRAINING L:313-<module>: T-It: 4580 - LR: 0.001/[0.001] - batch loss: 2.61E-01
[17:11:42] TRAINING L:313-<module>: T-It: 4585 - LR: 0.001/[0.001] - batch loss: 2.59E-01
[17:11:42] TRAINING L:313-<module>: T-It: 4590 - LR: 0.001/[0.001] - batch loss: 2.62E-01
[17:11:42] TRAINING L:313-<module>: T-It: 4595 - LR: 0.001/[0.001] - batch loss: 2.63E-01
[17:11:43] TRAINING L:313-<module>: T-It: 4600 - LR: 0.001/[0.001] - batch loss: 2.57E-01
[17:11:43] INFO L:193-main: Iteration 4600. Start evaluation of validation data.
[17:11:47] INFO L:108-log_metrics: Start validation Logs at iteration 4600
[17:11:55] TRAINING L:313-<module>: Iteration: 4600 - TLoss: 2.74E-01 VLoss: 2.73E-01
[17:11:56] TRAINING L:313-<module>: T-It: 4605 - LR: 0.001/[0.001] - batch loss: 2.62E-01
[17:11:56] TRAINING L:313-<module>: T-It: 4610 - LR: 0.001/[0.001] - batch loss: 2.59E-01
[17:11:56] TRAINING L:313-<module>: T-It: 4615 - LR: 0.001/[0.001] - batch loss: 2.64E-01
[17:11:56] TRAINING L:313-<module>: T-It: 4620 - LR: 0.001/[0.001] - batch loss: 2.58E-01
[17:11:57] TRAINING L:313-<module>: T-It: 4625 - LR: 0.001/[0.001] - batch loss: 2.60E-01
[17:11:57] TRAINING L:313-<module>: T-It: 4630 - LR: 0.001/[0.001] - batch loss: 2.58E-01
[17:11:57] TRAINING L:313-<module>: T-It: 4635 - LR: 0.001/[0.001] - batch loss: 2.59E-01
[17:11:58] TRAINING L:313-<module>: T-It: 4640 - LR: 0.001/[0.001] - batch loss: 2.65E-01
[17:11:58] TRAINING L:313-<module>: T-It: 4645 - LR: 0.001/[0.001] - batch loss: 2.63E-01
[17:11:58] TRAINING L:313-<module>: T-It: 4650 - LR: 0.001/[0.001] - batch loss: 2.58E-01
[17:11:58] TRAINING L:313-<module>: T-It: 4655 - LR: 0.001/[0.001] - batch loss: 2.61E-01
[17:11:59] TRAINING L:313-<module>: T-It: 4660 - LR: 0.001/[0.001] - batch loss: 2.63E-01
[17:11:59] TRAINING L:313-<module>: T-It: 4665 - LR: 0.001/[0.001] - batch loss: 2.61E-01
[17:11:59] TRAINING L:313-<module>: T-It: 4670 - LR: 0.001/[0.001] - batch loss: 2.58E-01
[17:11:59] TRAINING L:313-<module>: T-It: 4675 - LR: 0.001/[0.001] - batch loss: 2.65E-01
[17:12:00] TRAINING L:313-<module>: T-It: 4680 - LR: 0.001/[0.001] - batch loss: 2.63E-01
[17:12:00] TRAINING L:313-<module>: T-It: 4685 - LR: 0.001/[0.001] - batch loss: 2.56E-01
[17:12:00] TRAINING L:313-<module>: T-It: 4690 - LR: 0.001/[0.001] - batch loss: 2.63E-01
[17:12:00] TRAINING L:313-<module>: T-It: 4695 - LR: 0.001/[0.001] - batch loss: 2.62E-01
[17:12:01] TRAINING L:313-<module>: T-It: 4700 - LR: 0.001/[0.001] - batch loss: 2.59E-01
[17:12:01] INFO L:193-main: Iteration 4700. Start evaluation of validation data.
[17:12:05] INFO L:108-log_metrics: Start validation Logs at iteration 4700
[17:12:14] TRAINING L:313-<module>: Iteration: 4700 - TLoss: 2.74E-01 VLoss: 2.76E-01
[17:12:14] TRAINING L:313-<module>: T-It: 4705 - LR: 0.001/[0.001] - batch loss: 2.65E-01
[17:12:14] TRAINING L:313-<module>: T-It: 4710 - LR: 0.001/[0.001] - batch loss: 2.63E-01
[17:12:14] TRAINING L:313-<module>: T-It: 4715 - LR: 0.001/[0.001] - batch loss: 2.59E-01
[17:12:15] TRAINING L:313-<module>: T-It: 4720 - LR: 0.001/[0.001] - batch loss: 2.52E-01
[17:12:15] TRAINING L:313-<module>: T-It: 4725 - LR: 0.001/[0.001] - batch loss: 2.59E-01
[17:12:15] TRAINING L:313-<module>: T-It: 4730 - LR: 0.001/[0.001] - batch loss: 2.63E-01
[17:12:15] TRAINING L:313-<module>: T-It: 4735 - LR: 0.001/[0.001] - batch loss: 2.59E-01
[17:12:16] TRAINING L:313-<module>: T-It: 4740 - LR: 0.001/[0.001] - batch loss: 2.58E-01
[17:12:16] TRAINING L:313-<module>: T-It: 4745 - LR: 0.001/[0.001] - batch loss: 2.55E-01
[17:12:16] TRAINING L:313-<module>: T-It: 4750 - LR: 0.001/[0.001] - batch loss: 2.65E-01
[17:12:16] TRAINING L:313-<module>: T-It: 4755 - LR: 0.001/[0.001] - batch loss: 2.61E-01
[17:12:17] TRAINING L:313-<module>: T-It: 4760 - LR: 0.001/[0.001] - batch loss: 2.59E-01
[17:12:17] TRAINING L:313-<module>: T-It: 4765 - LR: 0.001/[0.001] - batch loss: 2.58E-01
[17:12:17] TRAINING L:313-<module>: T-It: 4770 - LR: 0.001/[0.001] - batch loss: 2.64E-01
[17:12:17] TRAINING L:313-<module>: T-It: 4775 - LR: 0.001/[0.001] - batch loss: 2.61E-01
[17:12:18] TRAINING L:313-<module>: T-It: 4780 - LR: 0.001/[0.001] - batch loss: 2.63E-01
[17:12:18] TRAINING L:313-<module>: T-It: 4785 - LR: 0.001/[0.001] - batch loss: 2.63E-01
[17:12:18] TRAINING L:313-<module>: T-It: 4790 - LR: 0.001/[0.001] - batch loss: 2.61E-01
[17:12:18] TRAINING L:313-<module>: T-It: 4795 - LR: 0.001/[0.001] - batch loss: 2.64E-01
[17:12:19] TRAINING L:313-<module>: T-It: 4800 - LR: 0.001/[0.001] - batch loss: 2.64E-01
[17:12:19] INFO L:193-main: Iteration 4800. Start evaluation of validation data.
[17:12:23] INFO L:108-log_metrics: Start validation Logs at iteration 4800
[17:12:32] TRAINING L:313-<module>: Iteration: 4800 - TLoss: 2.74E-01 VLoss: 2.47E-01
[17:12:32] TRAINING L:313-<module>: T-It: 4805 - LR: 0.001/[0.001] - batch loss: 2.62E-01
[17:12:32] TRAINING L:313-<module>: T-It: 4810 - LR: 0.001/[0.001] - batch loss: 2.65E-01
[17:12:32] TRAINING L:313-<module>: T-It: 4815 - LR: 0.001/[0.001] - batch loss: 2.58E-01
[17:12:33] TRAINING L:313-<module>: T-It: 4820 - LR: 0.001/[0.001] - batch loss: 2.56E-01
[17:12:33] TRAINING L:313-<module>: T-It: 4825 - LR: 0.001/[0.001] - batch loss: 2.66E-01
[17:12:33] TRAINING L:313-<module>: T-It: 4830 - LR: 0.001/[0.001] - batch loss: 2.65E-01
[17:12:33] TRAINING L:313-<module>: T-It: 4835 - LR: 0.001/[0.001] - batch loss: 2.64E-01
[17:12:34] TRAINING L:313-<module>: T-It: 4840 - LR: 0.001/[0.001] - batch loss: 2.60E-01
[17:12:34] TRAINING L:313-<module>: T-It: 4845 - LR: 0.001/[0.001] - batch loss: 2.60E-01
[17:12:34] TRAINING L:313-<module>: T-It: 4850 - LR: 0.001/[0.001] - batch loss: 2.57E-01
[17:12:34] TRAINING L:313-<module>: T-It: 4855 - LR: 0.001/[0.001] - batch loss: 2.60E-01
[17:12:35] TRAINING L:313-<module>: T-It: 4860 - LR: 0.001/[0.001] - batch loss: 2.63E-01
[17:12:35] TRAINING L:313-<module>: T-It: 4865 - LR: 0.001/[0.001] - batch loss: 2.60E-01
[17:12:35] TRAINING L:313-<module>: T-It: 4870 - LR: 0.001/[0.001] - batch loss: 2.65E-01
[17:12:35] TRAINING L:313-<module>: T-It: 4875 - LR: 0.001/[0.001] - batch loss: 2.57E-01
[17:12:36] TRAINING L:313-<module>: T-It: 4880 - LR: 0.001/[0.001] - batch loss: 2.58E-01
[17:12:36] TRAINING L:313-<module>: T-It: 4885 - LR: 0.001/[0.001] - batch loss: 2.63E-01
[17:12:36] TRAINING L:313-<module>: T-It: 4890 - LR: 0.001/[0.001] - batch loss: 2.62E-01
[17:12:36] TRAINING L:313-<module>: T-It: 4895 - LR: 0.001/[0.001] - batch loss: 2.63E-01
[17:12:37] TRAINING L:313-<module>: T-It: 4900 - LR: 0.001/[0.001] - batch loss: 2.58E-01
[17:12:37] INFO L:193-main: Iteration 4900. Start evaluation of validation data.
[17:12:41] INFO L:108-log_metrics: Start validation Logs at iteration 4900
[17:12:49] TRAINING L:313-<module>: Iteration: 4900 - TLoss: 2.74E-01 VLoss: 2.81E-01
[17:12:49] TRAINING L:313-<module>: T-It: 4905 - LR: 0.001/[0.001] - batch loss: 2.54E-01
[17:12:50] TRAINING L:313-<module>: T-It: 4910 - LR: 0.001/[0.001] - batch loss: 2.58E-01
[17:12:50] TRAINING L:313-<module>: T-It: 4915 - LR: 0.001/[0.001] - batch loss: 2.60E-01
[17:12:50] TRAINING L:313-<module>: T-It: 4920 - LR: 0.001/[0.001] - batch loss: 2.56E-01
[17:12:50] TRAINING L:313-<module>: T-It: 4925 - LR: 0.001/[0.001] - batch loss: 2.60E-01
[17:12:51] TRAINING L:313-<module>: T-It: 4930 - LR: 0.001/[0.001] - batch loss: 2.64E-01
[17:12:51] TRAINING L:313-<module>: T-It: 4935 - LR: 0.001/[0.001] - batch loss: 2.57E-01
[17:12:51] TRAINING L:313-<module>: T-It: 4940 - LR: 0.001/[0.001] - batch loss: 2.70E-01
[17:12:51] TRAINING L:313-<module>: T-It: 4945 - LR: 0.001/[0.001] - batch loss: 2.67E-01
[17:12:52] TRAINING L:313-<module>: T-It: 4950 - LR: 0.001/[0.001] - batch loss: 2.64E-01
[17:12:52] TRAINING L:313-<module>: T-It: 4955 - LR: 0.001/[0.001] - batch loss: 2.63E-01
[17:12:53] TRAINING L:313-<module>: T-It: 4960 - LR: 0.001/[0.001] - batch loss: 2.59E-01
[17:12:53] TRAINING L:313-<module>: T-It: 4965 - LR: 0.001/[0.001] - batch loss: 2.59E-01
[17:12:53] TRAINING L:313-<module>: T-It: 4970 - LR: 0.001/[0.001] - batch loss: 2.61E-01
[17:12:53] TRAINING L:313-<module>: T-It: 4975 - LR: 0.001/[0.001] - batch loss: 2.56E-01
[17:12:54] TRAINING L:313-<module>: T-It: 4980 - LR: 0.001/[0.001] - batch loss: 2.57E-01
[17:12:54] TRAINING L:313-<module>: T-It: 4985 - LR: 0.001/[0.001] - batch loss: 2.65E-01
[17:12:54] TRAINING L:313-<module>: T-It: 4990 - LR: 0.001/[0.001] - batch loss: 2.60E-01
[17:12:54] TRAINING L:313-<module>: T-It: 4995 - LR: 0.001/[0.001] - batch loss: 2.62E-01
[17:12:55] TRAINING L:313-<module>: T-It: 5000 - LR: 0.001/[0.001] - batch loss: 2.57E-01
[17:12:55] INFO L:146-main: Iteration 5000. Start evaluation of training data.
[17:13:07] INFO L:108-log_metrics: Start train Logs at iteration 5000
[17:13:28] INFO L:193-main: Iteration 5000. Start evaluation of validation data.
[17:13:32] INFO L:108-log_metrics: Start validation Logs at iteration 5000
[17:13:41] TRAINING L:313-<module>: Iteration: 5000 - TLoss: 2.78E-01 VLoss: 2.57E-01
[17:13:41] TRAINING L:313-<module>: T-It: 5005 - LR: 0.001/[0.001] - batch loss: 2.61E-01
[17:13:41] TRAINING L:313-<module>: T-It: 5010 - LR: 0.001/[0.001] - batch loss: 2.55E-01
[17:13:41] TRAINING L:313-<module>: T-It: 5015 - LR: 0.001/[0.001] - batch loss: 2.61E-01
[17:13:42] TRAINING L:313-<module>: T-It: 5020 - LR: 0.001/[0.001] - batch loss: 2.59E-01
[17:13:42] TRAINING L:313-<module>: T-It: 5025 - LR: 0.001/[0.001] - batch loss: 2.57E-01
[17:13:42] TRAINING L:313-<module>: T-It: 5030 - LR: 0.001/[0.001] - batch loss: 2.58E-01
[17:13:42] TRAINING L:313-<module>: T-It: 5035 - LR: 0.001/[0.001] - batch loss: 2.57E-01
[17:13:43] TRAINING L:313-<module>: T-It: 5040 - LR: 0.001/[0.001] - batch loss: 2.64E-01
[17:13:43] TRAINING L:313-<module>: T-It: 5045 - LR: 0.001/[0.001] - batch loss: 2.60E-01
[17:13:43] TRAINING L:313-<module>: T-It: 5050 - LR: 0.001/[0.001] - batch loss: 2.61E-01
[17:13:43] TRAINING L:313-<module>: T-It: 5055 - LR: 0.001/[0.001] - batch loss: 2.58E-01
[17:13:44] TRAINING L:313-<module>: T-It: 5060 - LR: 0.001/[0.001] - batch loss: 2.54E-01
[17:13:44] TRAINING L:313-<module>: T-It: 5065 - LR: 0.001/[0.001] - batch loss: 2.59E-01
[17:13:44] TRAINING L:313-<module>: T-It: 5070 - LR: 0.001/[0.001] - batch loss: 2.57E-01
[17:13:44] TRAINING L:313-<module>: T-It: 5075 - LR: 0.001/[0.001] - batch loss: 2.61E-01
[17:13:45] TRAINING L:313-<module>: T-It: 5080 - LR: 0.001/[0.001] - batch loss: 2.59E-01
[17:13:45] TRAINING L:313-<module>: T-It: 5085 - LR: 0.001/[0.001] - batch loss: 2.53E-01
[17:13:45] TRAINING L:313-<module>: T-It: 5090 - LR: 0.001/[0.001] - batch loss: 2.58E-01
[17:13:45] TRAINING L:313-<module>: T-It: 5095 - LR: 0.001/[0.001] - batch loss: 2.59E-01
[17:13:46] TRAINING L:313-<module>: T-It: 5100 - LR: 0.001/[0.001] - batch loss: 2.63E-01
[17:13:46] INFO L:193-main: Iteration 5100. Start evaluation of validation data.
[17:13:50] INFO L:108-log_metrics: Start validation Logs at iteration 5100
[17:13:58] TRAINING L:313-<module>: Iteration: 5100 - TLoss: 2.78E-01 VLoss: 2.67E-01
[17:13:59] TRAINING L:313-<module>: T-It: 5105 - LR: 0.001/[0.001] - batch loss: 2.57E-01
[17:13:59] TRAINING L:313-<module>: T-It: 5110 - LR: 0.001/[0.001] - batch loss: 2.59E-01
[17:13:59] TRAINING L:313-<module>: T-It: 5115 - LR: 0.001/[0.001] - batch loss: 2.58E-01
[17:13:59] TRAINING L:313-<module>: T-It: 5120 - LR: 0.001/[0.001] - batch loss: 2.58E-01
[17:14:00] TRAINING L:313-<module>: T-It: 5125 - LR: 0.001/[0.001] - batch loss: 2.61E-01
[17:14:00] TRAINING L:313-<module>: T-It: 5130 - LR: 0.001/[0.001] - batch loss: 2.62E-01
[17:14:00] TRAINING L:313-<module>: T-It: 5135 - LR: 0.001/[0.001] - batch loss: 2.58E-01
[17:14:00] TRAINING L:313-<module>: T-It: 5140 - LR: 0.001/[0.001] - batch loss: 2.57E-01
[17:14:01] TRAINING L:313-<module>: T-It: 5145 - LR: 0.001/[0.001] - batch loss: 2.60E-01
[17:14:01] TRAINING L:313-<module>: T-It: 5150 - LR: 0.001/[0.001] - batch loss: 2.58E-01
[17:14:01] TRAINING L:313-<module>: T-It: 5155 - LR: 0.001/[0.001] - batch loss: 2.60E-01
[17:14:01] TRAINING L:313-<module>: T-It: 5160 - LR: 0.001/[0.001] - batch loss: 2.60E-01
[17:14:02] TRAINING L:313-<module>: T-It: 5165 - LR: 0.001/[0.001] - batch loss: 2.59E-01
[17:14:02] TRAINING L:313-<module>: T-It: 5170 - LR: 0.001/[0.001] - batch loss: 2.62E-01
[17:14:02] TRAINING L:313-<module>: T-It: 5175 - LR: 0.001/[0.001] - batch loss: 2.59E-01
[17:14:02] TRAINING L:313-<module>: T-It: 5180 - LR: 0.001/[0.001] - batch loss: 2.62E-01
[17:14:03] TRAINING L:313-<module>: T-It: 5185 - LR: 0.001/[0.001] - batch loss: 2.52E-01
[17:14:03] TRAINING L:313-<module>: T-It: 5190 - LR: 0.001/[0.001] - batch loss: 2.59E-01
[17:14:03] TRAINING L:313-<module>: T-It: 5195 - LR: 0.001/[0.001] - batch loss: 2.56E-01
[17:14:03] TRAINING L:313-<module>: T-It: 5200 - LR: 0.001/[0.001] - batch loss: 2.56E-01
[17:14:03] INFO L:193-main: Iteration 5200. Start evaluation of validation data.
[17:14:07] INFO L:108-log_metrics: Start validation Logs at iteration 5200
[17:14:16] TRAINING L:313-<module>: Iteration: 5200 - TLoss: 2.78E-01 VLoss: 2.73E-01
[17:14:16] TRAINING L:313-<module>: T-It: 5205 - LR: 0.001/[0.001] - batch loss: 2.55E-01
[17:14:17] TRAINING L:313-<module>: T-It: 5210 - LR: 0.001/[0.001] - batch loss: 2.59E-01
[17:14:17] TRAINING L:313-<module>: T-It: 5215 - LR: 0.001/[0.001] - batch loss: 2.54E-01
[17:14:17] TRAINING L:313-<module>: T-It: 5220 - LR: 0.001/[0.001] - batch loss: 2.60E-01
[17:14:17] TRAINING L:313-<module>: T-It: 5225 - LR: 0.001/[0.001] - batch loss: 2.58E-01
[17:14:18] TRAINING L:313-<module>: T-It: 5230 - LR: 0.001/[0.001] - batch loss: 2.67E-01
[17:14:18] TRAINING L:313-<module>: T-It: 5235 - LR: 0.001/[0.001] - batch loss: 2.61E-01
[17:14:18] TRAINING L:313-<module>: T-It: 5240 - LR: 0.001/[0.001] - batch loss: 2.59E-01
[17:14:18] TRAINING L:313-<module>: T-It: 5245 - LR: 0.001/[0.001] - batch loss: 2.52E-01
[17:14:19] TRAINING L:313-<module>: T-It: 5250 - LR: 0.001/[0.001] - batch loss: 2.63E-01
[17:14:19] TRAINING L:313-<module>: T-It: 5255 - LR: 0.001/[0.001] - batch loss: 2.59E-01
[17:14:19] TRAINING L:313-<module>: T-It: 5260 - LR: 0.001/[0.001] - batch loss: 2.62E-01
[17:14:19] TRAINING L:313-<module>: T-It: 5265 - LR: 0.001/[0.001] - batch loss: 2.56E-01
[17:14:20] TRAINING L:313-<module>: T-It: 5270 - LR: 0.001/[0.001] - batch loss: 2.56E-01
[17:14:20] TRAINING L:313-<module>: T-It: 5275 - LR: 0.001/[0.001] - batch loss: 2.61E-01
[17:14:20] TRAINING L:313-<module>: T-It: 5280 - LR: 0.001/[0.001] - batch loss: 2.57E-01
[17:14:20] TRAINING L:313-<module>: T-It: 5285 - LR: 0.001/[0.001] - batch loss: 2.59E-01
[17:14:20] TRAINING L:313-<module>: T-It: 5290 - LR: 0.001/[0.001] - batch loss: 2.64E-01
[17:14:21] TRAINING L:313-<module>: T-It: 5295 - LR: 0.001/[0.001] - batch loss: 2.59E-01
[17:14:21] TRAINING L:313-<module>: T-It: 5300 - LR: 0.001/[0.001] - batch loss: 2.57E-01
[17:14:21] INFO L:193-main: Iteration 5300. Start evaluation of validation data.
[17:14:25] INFO L:108-log_metrics: Start validation Logs at iteration 5300
[17:14:34] TRAINING L:313-<module>: Iteration: 5300 - TLoss: 2.78E-01 VLoss: 2.78E-01
[17:14:34] TRAINING L:313-<module>: T-It: 5305 - LR: 0.001/[0.001] - batch loss: 2.52E-01
[17:14:34] TRAINING L:313-<module>: T-It: 5310 - LR: 0.001/[0.001] - batch loss: 2.62E-01
[17:14:35] TRAINING L:313-<module>: T-It: 5315 - LR: 0.001/[0.001] - batch loss: 2.53E-01
[17:14:35] TRAINING L:313-<module>: T-It: 5320 - LR: 0.001/[0.001] - batch loss: 2.57E-01
[17:14:35] TRAINING L:313-<module>: T-It: 5325 - LR: 0.001/[0.001] - batch loss: 2.59E-01
[17:14:35] TRAINING L:313-<module>: T-It: 5330 - LR: 0.001/[0.001] - batch loss: 2.56E-01
[17:14:35] TRAINING L:313-<module>: T-It: 5335 - LR: 0.001/[0.001] - batch loss: 2.62E-01
[17:14:36] TRAINING L:313-<module>: T-It: 5340 - LR: 0.001/[0.001] - batch loss: 2.58E-01
[17:14:36] TRAINING L:313-<module>: T-It: 5345 - LR: 0.001/[0.001] - batch loss: 2.62E-01
[17:14:36] TRAINING L:313-<module>: T-It: 5350 - LR: 0.001/[0.001] - batch loss: 2.61E-01
[17:14:36] TRAINING L:313-<module>: T-It: 5355 - LR: 0.001/[0.001] - batch loss: 2.56E-01
[17:14:37] TRAINING L:313-<module>: T-It: 5360 - LR: 0.001/[0.001] - batch loss: 2.56E-01
[17:14:37] TRAINING L:313-<module>: T-It: 5365 - LR: 0.001/[0.001] - batch loss: 2.59E-01
[17:14:37] TRAINING L:313-<module>: T-It: 5370 - LR: 0.001/[0.001] - batch loss: 2.54E-01
[17:14:37] TRAINING L:313-<module>: T-It: 5375 - LR: 0.001/[0.001] - batch loss: 2.59E-01
[17:14:38] TRAINING L:313-<module>: T-It: 5380 - LR: 0.001/[0.001] - batch loss: 2.63E-01
[17:14:38] TRAINING L:313-<module>: T-It: 5385 - LR: 0.001/[0.001] - batch loss: 2.56E-01
[17:14:38] TRAINING L:313-<module>: T-It: 5390 - LR: 0.001/[0.001] - batch loss: 2.60E-01
[17:14:38] TRAINING L:313-<module>: T-It: 5395 - LR: 0.001/[0.001] - batch loss: 2.58E-01
[17:14:38] TRAINING L:313-<module>: T-It: 5400 - LR: 0.001/[0.001] - batch loss: 2.64E-01
[17:14:38] INFO L:193-main: Iteration 5400. Start evaluation of validation data.
[17:14:43] INFO L:108-log_metrics: Start validation Logs at iteration 5400
[17:14:51] TRAINING L:313-<module>: Iteration: 5400 - TLoss: 2.78E-01 VLoss: 2.50E-01
[17:14:51] TRAINING L:313-<module>: T-It: 5405 - LR: 0.001/[0.001] - batch loss: 2.55E-01
[17:14:52] TRAINING L:313-<module>: T-It: 5410 - LR: 0.001/[0.001] - batch loss: 2.55E-01
[17:14:52] TRAINING L:313-<module>: T-It: 5415 - LR: 0.001/[0.001] - batch loss: 2.59E-01
[17:14:52] TRAINING L:313-<module>: T-It: 5420 - LR: 0.001/[0.001] - batch loss: 2.68E-01
[17:14:52] TRAINING L:313-<module>: T-It: 5425 - LR: 0.001/[0.001] - batch loss: 2.52E-01
[17:14:53] TRAINING L:313-<module>: T-It: 5430 - LR: 0.001/[0.001] - batch loss: 2.60E-01
[17:14:53] TRAINING L:313-<module>: T-It: 5435 - LR: 0.001/[0.001] - batch loss: 2.53E-01
[17:14:53] TRAINING L:313-<module>: T-It: 5440 - LR: 0.001/[0.001] - batch loss: 2.54E-01
[17:14:53] TRAINING L:313-<module>: T-It: 5445 - LR: 0.001/[0.001] - batch loss: 2.65E-01
[17:14:54] TRAINING L:313-<module>: T-It: 5450 - LR: 0.001/[0.001] - batch loss: 2.59E-01
[17:14:54] TRAINING L:313-<module>: T-It: 5455 - LR: 0.001/[0.001] - batch loss: 2.52E-01
[17:14:54] TRAINING L:313-<module>: T-It: 5460 - LR: 0.001/[0.001] - batch loss: 2.58E-01
[17:14:54] TRAINING L:313-<module>: T-It: 5465 - LR: 0.001/[0.001] - batch loss: 2.53E-01
[17:14:55] TRAINING L:313-<module>: T-It: 5470 - LR: 0.001/[0.001] - batch loss: 2.60E-01
[17:14:55] TRAINING L:313-<module>: T-It: 5475 - LR: 0.001/[0.001] - batch loss: 2.60E-01
[17:14:55] TRAINING L:313-<module>: T-It: 5480 - LR: 0.001/[0.001] - batch loss: 2.55E-01
[17:14:55] TRAINING L:313-<module>: T-It: 5485 - LR: 0.001/[0.001] - batch loss: 2.55E-01
[17:14:56] TRAINING L:313-<module>: T-It: 5490 - LR: 0.001/[0.001] - batch loss: 2.56E-01
[17:14:56] TRAINING L:313-<module>: T-It: 5495 - LR: 0.001/[0.001] - batch loss: 2.56E-01
[17:14:56] TRAINING L:313-<module>: T-It: 5500 - LR: 0.001/[0.001] - batch loss: 2.59E-01
[17:14:56] INFO L:146-main: Iteration 5500. Start evaluation of training data.
[17:15:08] INFO L:108-log_metrics: Start train Logs at iteration 5500
[17:15:29] INFO L:193-main: Iteration 5500. Start evaluation of validation data.
[17:15:33] INFO L:108-log_metrics: Start validation Logs at iteration 5500
[17:15:42] TRAINING L:313-<module>: Iteration: 5500 - TLoss: 2.75E-01 VLoss: 2.69E-01
[17:15:42] TRAINING L:313-<module>: T-It: 5505 - LR: 0.001/[0.001] - batch loss: 2.64E-01
[17:15:43] TRAINING L:313-<module>: T-It: 5510 - LR: 0.001/[0.001] - batch loss: 2.56E-01
[17:15:43] TRAINING L:313-<module>: T-It: 5515 - LR: 0.001/[0.001] - batch loss: 2.55E-01
[17:15:43] TRAINING L:313-<module>: T-It: 5520 - LR: 0.001/[0.001] - batch loss: 2.65E-01
[17:15:43] TRAINING L:313-<module>: T-It: 5525 - LR: 0.001/[0.001] - batch loss: 2.58E-01
[17:15:44] TRAINING L:313-<module>: T-It: 5530 - LR: 0.001/[0.001] - batch loss: 2.58E-01
[17:15:44] TRAINING L:313-<module>: T-It: 5535 - LR: 0.001/[0.001] - batch loss: 2.57E-01
[17:15:44] TRAINING L:313-<module>: T-It: 5540 - LR: 0.001/[0.001] - batch loss: 2.61E-01
[17:15:44] TRAINING L:313-<module>: T-It: 5545 - LR: 0.001/[0.001] - batch loss: 2.57E-01
[17:15:45] TRAINING L:313-<module>: T-It: 5550 - LR: 0.001/[0.001] - batch loss: 2.56E-01
[17:15:45] TRAINING L:313-<module>: T-It: 5555 - LR: 0.001/[0.001] - batch loss: 2.62E-01
[17:15:45] TRAINING L:313-<module>: T-It: 5560 - LR: 0.001/[0.001] - batch loss: 2.58E-01
[17:15:46] TRAINING L:313-<module>: T-It: 5565 - LR: 0.001/[0.001] - batch loss: 2.59E-01
[17:15:46] TRAINING L:313-<module>: T-It: 5570 - LR: 0.001/[0.001] - batch loss: 2.62E-01
[17:15:46] TRAINING L:313-<module>: T-It: 5575 - LR: 0.001/[0.001] - batch loss: 2.62E-01
[17:15:46] TRAINING L:313-<module>: T-It: 5580 - LR: 0.001/[0.001] - batch loss: 2.56E-01
[17:15:47] TRAINING L:313-<module>: T-It: 5585 - LR: 0.001/[0.001] - batch loss: 2.58E-01
[17:15:47] TRAINING L:313-<module>: T-It: 5590 - LR: 0.001/[0.001] - batch loss: 2.58E-01
[17:15:47] TRAINING L:313-<module>: T-It: 5595 - LR: 0.001/[0.001] - batch loss: 2.63E-01
[17:15:47] TRAINING L:313-<module>: T-It: 5600 - LR: 0.001/[0.001] - batch loss: 2.63E-01
[17:15:47] INFO L:193-main: Iteration 5600. Start evaluation of validation data.
[17:15:52] INFO L:108-log_metrics: Start validation Logs at iteration 5600
[17:16:00] TRAINING L:313-<module>: Iteration: 5600 - TLoss: 2.75E-01 VLoss: 2.72E-01
[17:16:00] TRAINING L:313-<module>: T-It: 5605 - LR: 0.001/[0.001] - batch loss: 2.61E-01
[17:16:01] TRAINING L:313-<module>: T-It: 5610 - LR: 0.001/[0.001] - batch loss: 2.57E-01
[17:16:01] TRAINING L:313-<module>: T-It: 5615 - LR: 0.001/[0.001] - batch loss: 2.57E-01
[17:16:01] TRAINING L:313-<module>: T-It: 5620 - LR: 0.001/[0.001] - batch loss: 2.56E-01
[17:16:01] TRAINING L:313-<module>: T-It: 5625 - LR: 0.001/[0.001] - batch loss: 2.56E-01
[17:16:02] TRAINING L:313-<module>: T-It: 5630 - LR: 0.001/[0.001] - batch loss: 2.54E-01
[17:16:02] TRAINING L:313-<module>: T-It: 5635 - LR: 0.001/[0.001] - batch loss: 2.54E-01
[17:16:02] TRAINING L:313-<module>: T-It: 5640 - LR: 0.001/[0.001] - batch loss: 2.54E-01
[17:16:02] TRAINING L:313-<module>: T-It: 5645 - LR: 0.001/[0.001] - batch loss: 2.56E-01
[17:16:03] TRAINING L:313-<module>: T-It: 5650 - LR: 0.001/[0.001] - batch loss: 2.58E-01
[17:16:04] TRAINING L:313-<module>: T-It: 5655 - LR: 0.001/[0.001] - batch loss: 2.58E-01
[17:16:04] TRAINING L:313-<module>: T-It: 5660 - LR: 0.001/[0.001] - batch loss: 2.62E-01
[17:16:04] TRAINING L:313-<module>: T-It: 5665 - LR: 0.001/[0.001] - batch loss: 2.53E-01
[17:16:04] TRAINING L:313-<module>: T-It: 5670 - LR: 0.001/[0.001] - batch loss: 2.59E-01
[17:16:05] TRAINING L:313-<module>: T-It: 5675 - LR: 0.001/[0.001] - batch loss: 2.53E-01
[17:16:05] TRAINING L:313-<module>: T-It: 5680 - LR: 0.001/[0.001] - batch loss: 2.57E-01
[17:16:05] TRAINING L:313-<module>: T-It: 5685 - LR: 0.001/[0.001] - batch loss: 2.58E-01
[17:16:05] TRAINING L:313-<module>: T-It: 5690 - LR: 0.001/[0.001] - batch loss: 2.57E-01
[17:16:06] TRAINING L:313-<module>: T-It: 5695 - LR: 0.001/[0.001] - batch loss: 2.57E-01
[17:16:06] TRAINING L:313-<module>: T-It: 5700 - LR: 0.001/[0.001] - batch loss: 2.52E-01
[17:16:06] INFO L:193-main: Iteration 5700. Start evaluation of validation data.
[17:16:10] INFO L:108-log_metrics: Start validation Logs at iteration 5700
[17:16:19] TRAINING L:313-<module>: Iteration: 5700 - TLoss: 2.75E-01 VLoss: 2.55E-01
[17:16:19] TRAINING L:313-<module>: T-It: 5705 - LR: 0.001/[0.001] - batch loss: 2.61E-01
[17:16:19] TRAINING L:313-<module>: T-It: 5710 - LR: 0.001/[0.001] - batch loss: 2.54E-01
[17:16:20] TRAINING L:313-<module>: T-It: 5715 - LR: 0.001/[0.001] - batch loss: 2.52E-01
[17:16:20] TRAINING L:313-<module>: T-It: 5720 - LR: 0.001/[0.001] - batch loss: 2.59E-01
[17:16:20] TRAINING L:313-<module>: T-It: 5725 - LR: 0.001/[0.001] - batch loss: 2.58E-01
[17:16:20] TRAINING L:313-<module>: T-It: 5730 - LR: 0.001/[0.001] - batch loss: 2.58E-01
[17:16:21] TRAINING L:313-<module>: T-It: 5735 - LR: 0.001/[0.001] - batch loss: 2.61E-01
[17:16:21] TRAINING L:313-<module>: T-It: 5740 - LR: 0.001/[0.001] - batch loss: 2.58E-01
[17:16:21] TRAINING L:313-<module>: T-It: 5745 - LR: 0.001/[0.001] - batch loss: 2.60E-01
[17:16:21] TRAINING L:313-<module>: T-It: 5750 - LR: 0.001/[0.001] - batch loss: 2.58E-01
[17:16:21] TRAINING L:313-<module>: T-It: 5755 - LR: 0.001/[0.001] - batch loss: 2.57E-01
[17:16:22] TRAINING L:313-<module>: T-It: 5760 - LR: 0.001/[0.001] - batch loss: 2.49E-01
[17:16:22] TRAINING L:313-<module>: T-It: 5765 - LR: 0.001/[0.001] - batch loss: 2.55E-01
[17:16:22] TRAINING L:313-<module>: T-It: 5770 - LR: 0.001/[0.001] - batch loss: 2.50E-01
[17:16:22] TRAINING L:313-<module>: T-It: 5775 - LR: 0.001/[0.001] - batch loss: 2.59E-01
[17:16:23] TRAINING L:313-<module>: T-It: 5780 - LR: 0.001/[0.001] - batch loss: 2.58E-01
[17:16:23] TRAINING L:313-<module>: T-It: 5785 - LR: 0.001/[0.001] - batch loss: 2.62E-01
[17:16:23] TRAINING L:313-<module>: T-It: 5790 - LR: 0.001/[0.001] - batch loss: 2.56E-01
[17:16:23] TRAINING L:313-<module>: T-It: 5795 - LR: 0.001/[0.001] - batch loss: 2.53E-01
[17:16:24] TRAINING L:313-<module>: T-It: 5800 - LR: 0.001/[0.001] - batch loss: 2.60E-01
[17:16:24] INFO L:193-main: Iteration 5800. Start evaluation of validation data.
[17:16:28] INFO L:108-log_metrics: Start validation Logs at iteration 5800
[17:16:37] TRAINING L:313-<module>: Iteration: 5800 - TLoss: 2.75E-01 VLoss: 2.77E-01
[17:16:37] TRAINING L:313-<module>: T-It: 5805 - LR: 0.001/[0.001] - batch loss: 2.58E-01
[17:16:37] TRAINING L:313-<module>: T-It: 5810 - LR: 0.001/[0.001] - batch loss: 2.56E-01
[17:16:38] TRAINING L:313-<module>: T-It: 5815 - LR: 0.001/[0.001] - batch loss: 2.52E-01
[17:16:38] TRAINING L:313-<module>: T-It: 5820 - LR: 0.001/[0.001] - batch loss: 2.56E-01
[17:16:38] TRAINING L:313-<module>: T-It: 5825 - LR: 0.001/[0.001] - batch loss: 2.60E-01
[17:16:38] TRAINING L:313-<module>: T-It: 5830 - LR: 0.001/[0.001] - batch loss: 2.57E-01
[17:16:38] TRAINING L:313-<module>: T-It: 5835 - LR: 0.001/[0.001] - batch loss: 2.55E-01
[17:16:39] TRAINING L:313-<module>: T-It: 5840 - LR: 0.001/[0.001] - batch loss: 2.58E-01
[17:16:39] TRAINING L:313-<module>: T-It: 5845 - LR: 0.001/[0.001] - batch loss: 2.50E-01
[17:16:39] TRAINING L:313-<module>: T-It: 5850 - LR: 0.001/[0.001] - batch loss: 2.58E-01
[17:16:39] TRAINING L:313-<module>: T-It: 5855 - LR: 0.001/[0.001] - batch loss: 2.57E-01
[17:16:40] TRAINING L:313-<module>: T-It: 5860 - LR: 0.001/[0.001] - batch loss: 2.54E-01
[17:16:40] TRAINING L:313-<module>: T-It: 5865 - LR: 0.001/[0.001] - batch loss: 2.57E-01
[17:16:40] TRAINING L:313-<module>: T-It: 5870 - LR: 0.001/[0.001] - batch loss: 2.57E-01
[17:16:40] TRAINING L:313-<module>: T-It: 5875 - LR: 0.001/[0.001] - batch loss: 2.52E-01
[17:16:41] TRAINING L:313-<module>: T-It: 5880 - LR: 0.001/[0.001] - batch loss: 2.48E-01
[17:16:41] TRAINING L:313-<module>: T-It: 5885 - LR: 0.001/[0.001] - batch loss: 2.54E-01
[17:16:41] TRAINING L:313-<module>: T-It: 5890 - LR: 0.001/[0.001] - batch loss: 2.63E-01
[17:16:41] TRAINING L:313-<module>: T-It: 5895 - LR: 0.001/[0.001] - batch loss: 2.55E-01
[17:16:42] TRAINING L:313-<module>: T-It: 5900 - LR: 0.001/[0.001] - batch loss: 2.56E-01
[17:16:42] INFO L:193-main: Iteration 5900. Start evaluation of validation data.
[17:16:46] INFO L:108-log_metrics: Start validation Logs at iteration 5900
[17:16:54] TRAINING L:313-<module>: Iteration: 5900 - TLoss: 2.75E-01 VLoss: 2.51E-01
[17:16:55] TRAINING L:313-<module>: T-It: 5905 - LR: 0.001/[0.001] - batch loss: 2.56E-01
[17:16:55] TRAINING L:313-<module>: T-It: 5910 - LR: 0.001/[0.001] - batch loss: 2.51E-01
[17:16:55] TRAINING L:313-<module>: T-It: 5915 - LR: 0.001/[0.001] - batch loss: 2.56E-01
[17:16:55] TRAINING L:313-<module>: T-It: 5920 - LR: 0.001/[0.001] - batch loss: 2.62E-01
[17:16:56] TRAINING L:313-<module>: T-It: 5925 - LR: 0.001/[0.001] - batch loss: 2.56E-01
[17:16:56] TRAINING L:313-<module>: T-It: 5930 - LR: 0.001/[0.001] - batch loss: 2.54E-01
[17:16:56] TRAINING L:313-<module>: T-It: 5935 - LR: 0.001/[0.001] - batch loss: 2.52E-01
[17:16:56] TRAINING L:313-<module>: T-It: 5940 - LR: 0.001/[0.001] - batch loss: 2.53E-01
[17:16:57] TRAINING L:313-<module>: T-It: 5945 - LR: 0.001/[0.001] - batch loss: 2.57E-01
[17:16:57] TRAINING L:313-<module>: T-It: 5950 - LR: 0.001/[0.001] - batch loss: 2.56E-01
[17:16:57] TRAINING L:313-<module>: T-It: 5955 - LR: 0.001/[0.001] - batch loss: 2.57E-01
[17:16:57] TRAINING L:313-<module>: T-It: 5960 - LR: 0.001/[0.001] - batch loss: 2.55E-01
[17:16:57] TRAINING L:313-<module>: T-It: 5965 - LR: 0.001/[0.001] - batch loss: 2.57E-01
[17:16:58] TRAINING L:313-<module>: T-It: 5970 - LR: 0.001/[0.001] - batch loss: 2.55E-01
[17:16:58] TRAINING L:313-<module>: T-It: 5975 - LR: 0.001/[0.001] - batch loss: 2.53E-01
[17:16:58] TRAINING L:313-<module>: T-It: 5980 - LR: 0.001/[0.001] - batch loss: 2.59E-01
[17:16:58] TRAINING L:313-<module>: T-It: 5985 - LR: 0.001/[0.001] - batch loss: 2.58E-01
[17:16:59] TRAINING L:313-<module>: T-It: 5990 - LR: 0.001/[0.001] - batch loss: 2.56E-01
[17:16:59] TRAINING L:313-<module>: T-It: 5995 - LR: 0.001/[0.001] - batch loss: 2.53E-01
[17:16:59] TRAINING L:313-<module>: T-It: 6000 - LR: 0.001/[0.001] - batch loss: 2.54E-01
[17:16:59] INFO L:146-main: Iteration 6000. Start evaluation of training data.
[17:17:11] INFO L:108-log_metrics: Start train Logs at iteration 6000
[17:17:33] INFO L:193-main: Iteration 6000. Start evaluation of validation data.
[17:17:37] INFO L:108-log_metrics: Start validation Logs at iteration 6000
[17:17:46] TRAINING L:313-<module>: Iteration: 6000 - TLoss: 2.76E-01 VLoss: 2.72E-01
[17:17:46] TRAINING L:313-<module>: T-It: 6005 - LR: 0.001/[0.001] - batch loss: 2.58E-01
[17:17:46] TRAINING L:313-<module>: T-It: 6010 - LR: 0.001/[0.001] - batch loss: 2.49E-01
[17:17:47] TRAINING L:313-<module>: T-It: 6015 - LR: 0.001/[0.001] - batch loss: 2.58E-01
[17:17:47] TRAINING L:313-<module>: T-It: 6020 - LR: 0.001/[0.001] - batch loss: 2.57E-01
[17:17:47] TRAINING L:313-<module>: T-It: 6025 - LR: 0.001/[0.001] - batch loss: 2.59E-01
[17:17:47] TRAINING L:313-<module>: T-It: 6030 - LR: 0.001/[0.001] - batch loss: 2.54E-01
[17:17:48] TRAINING L:313-<module>: T-It: 6035 - LR: 0.001/[0.001] - batch loss: 2.54E-01
[17:17:48] TRAINING L:313-<module>: T-It: 6040 - LR: 0.001/[0.001] - batch loss: 2.53E-01
[17:17:48] TRAINING L:313-<module>: T-It: 6045 - LR: 0.001/[0.001] - batch loss: 2.53E-01
[17:17:48] TRAINING L:313-<module>: T-It: 6050 - LR: 0.001/[0.001] - batch loss: 2.51E-01
[17:17:49] TRAINING L:313-<module>: T-It: 6055 - LR: 0.001/[0.001] - batch loss: 2.55E-01
[17:17:49] TRAINING L:313-<module>: T-It: 6060 - LR: 0.001/[0.001] - batch loss: 2.60E-01
[17:17:49] TRAINING L:313-<module>: T-It: 6065 - LR: 0.001/[0.001] - batch loss: 2.57E-01
[17:17:49] TRAINING L:313-<module>: T-It: 6070 - LR: 0.001/[0.001] - batch loss: 2.58E-01
[17:17:50] TRAINING L:313-<module>: T-It: 6075 - LR: 0.001/[0.001] - batch loss: 2.54E-01
[17:17:50] TRAINING L:313-<module>: T-It: 6080 - LR: 0.001/[0.001] - batch loss: 2.55E-01
[17:17:50] TRAINING L:313-<module>: T-It: 6085 - LR: 0.001/[0.001] - batch loss: 2.56E-01
[17:17:50] TRAINING L:313-<module>: T-It: 6090 - LR: 0.001/[0.001] - batch loss: 2.59E-01
[17:17:51] TRAINING L:313-<module>: T-It: 6095 - LR: 0.001/[0.001] - batch loss: 2.55E-01
[17:17:51] TRAINING L:313-<module>: T-It: 6100 - LR: 0.001/[0.001] - batch loss: 2.54E-01
[17:17:51] INFO L:193-main: Iteration 6100. Start evaluation of validation data.
[17:17:55] INFO L:108-log_metrics: Start validation Logs at iteration 6100
[17:18:04] TRAINING L:313-<module>: Iteration: 6100 - TLoss: 2.76E-01 VLoss: 2.58E-01
[17:18:04] TRAINING L:313-<module>: T-It: 6105 - LR: 0.001/[0.001] - batch loss: 2.51E-01
[17:18:05] TRAINING L:313-<module>: T-It: 6110 - LR: 0.001/[0.001] - batch loss: 2.46E-01
[17:18:05] TRAINING L:313-<module>: T-It: 6115 - LR: 0.001/[0.001] - batch loss: 2.49E-01
[17:18:05] TRAINING L:313-<module>: T-It: 6120 - LR: 0.001/[0.001] - batch loss: 2.61E-01
[17:18:05] TRAINING L:313-<module>: T-It: 6125 - LR: 0.001/[0.001] - batch loss: 2.59E-01
[17:18:06] TRAINING L:313-<module>: T-It: 6130 - LR: 0.001/[0.001] - batch loss: 2.54E-01
[17:18:06] TRAINING L:313-<module>: T-It: 6135 - LR: 0.001/[0.001] - batch loss: 2.53E-01
[17:18:06] TRAINING L:313-<module>: T-It: 6140 - LR: 0.001/[0.001] - batch loss: 2.54E-01
[17:18:06] TRAINING L:313-<module>: T-It: 6145 - LR: 0.001/[0.001] - batch loss: 2.58E-01
[17:18:07] TRAINING L:313-<module>: T-It: 6150 - LR: 0.001/[0.001] - batch loss: 2.54E-01
[17:18:07] TRAINING L:313-<module>: T-It: 6155 - LR: 0.001/[0.001] - batch loss: 2.56E-01
[17:18:07] TRAINING L:313-<module>: T-It: 6160 - LR: 0.001/[0.001] - batch loss: 2.52E-01
[17:18:07] TRAINING L:313-<module>: T-It: 6165 - LR: 0.001/[0.001] - batch loss: 2.55E-01
[17:18:07] TRAINING L:313-<module>: T-It: 6170 - LR: 0.001/[0.001] - batch loss: 2.51E-01
[17:18:08] TRAINING L:313-<module>: T-It: 6175 - LR: 0.001/[0.001] - batch loss: 2.53E-01
[17:18:08] TRAINING L:313-<module>: T-It: 6180 - LR: 0.001/[0.001] - batch loss: 2.58E-01
[17:18:08] TRAINING L:313-<module>: T-It: 6185 - LR: 0.001/[0.001] - batch loss: 2.61E-01
[17:18:09] TRAINING L:313-<module>: T-It: 6190 - LR: 0.001/[0.001] - batch loss: 2.53E-01
[17:18:09] TRAINING L:313-<module>: T-It: 6195 - LR: 0.001/[0.001] - batch loss: 2.53E-01
[17:18:09] TRAINING L:313-<module>: T-It: 6200 - LR: 0.001/[0.001] - batch loss: 2.56E-01
[17:18:09] INFO L:193-main: Iteration 6200. Start evaluation of validation data.
[17:18:13] INFO L:108-log_metrics: Start validation Logs at iteration 6200
[17:18:22] TRAINING L:313-<module>: Iteration: 6200 - TLoss: 2.76E-01 VLoss: 2.57E-01
[17:18:22] INFO L:78-_reload_after_lr_drop: 0.001 -> 0.0005
Reload model and optimizer from iteration 4100
[17:18:23] TRAINING L:313-<module>: T-It: 6205 - LR: 0.0005/[0.0005] - batch loss: 2.54E-01
[17:18:23] TRAINING L:313-<module>: T-It: 6210 - LR: 0.0005/[0.0005] - batch loss: 2.56E-01
[17:18:23] TRAINING L:313-<module>: T-It: 6215 - LR: 0.0005/[0.0005] - batch loss: 2.50E-01
[17:18:23] TRAINING L:313-<module>: T-It: 6220 - LR: 0.0005/[0.0005] - batch loss: 2.54E-01
[17:18:24] TRAINING L:313-<module>: T-It: 6225 - LR: 0.0005/[0.0005] - batch loss: 2.54E-01
[17:18:24] TRAINING L:313-<module>: T-It: 6230 - LR: 0.0005/[0.0005] - batch loss: 2.43E-01
[17:18:24] TRAINING L:313-<module>: T-It: 6235 - LR: 0.0005/[0.0005] - batch loss: 2.51E-01
[17:18:24] TRAINING L:313-<module>: T-It: 6240 - LR: 0.0005/[0.0005] - batch loss: 2.51E-01
[17:18:25] TRAINING L:313-<module>: T-It: 6245 - LR: 0.0005/[0.0005] - batch loss: 2.57E-01
[17:18:25] TRAINING L:313-<module>: T-It: 6250 - LR: 0.0005/[0.0005] - batch loss: 2.49E-01
[17:18:25] TRAINING L:313-<module>: T-It: 6255 - LR: 0.0005/[0.0005] - batch loss: 2.56E-01
[17:18:25] TRAINING L:313-<module>: T-It: 6260 - LR: 0.0005/[0.0005] - batch loss: 2.56E-01
[17:18:26] TRAINING L:313-<module>: T-It: 6265 - LR: 0.0005/[0.0005] - batch loss: 2.52E-01
[17:18:26] TRAINING L:313-<module>: T-It: 6270 - LR: 0.0005/[0.0005] - batch loss: 2.58E-01
[17:18:26] TRAINING L:313-<module>: T-It: 6275 - LR: 0.0005/[0.0005] - batch loss: 2.47E-01
[17:18:26] TRAINING L:313-<module>: T-It: 6280 - LR: 0.0005/[0.0005] - batch loss: 2.52E-01
[17:18:27] TRAINING L:313-<module>: T-It: 6285 - LR: 0.0005/[0.0005] - batch loss: 2.55E-01
[17:18:27] TRAINING L:313-<module>: T-It: 6290 - LR: 0.0005/[0.0005] - batch loss: 2.53E-01
[17:18:27] TRAINING L:313-<module>: T-It: 6295 - LR: 0.0005/[0.0005] - batch loss: 2.49E-01
[17:18:27] TRAINING L:313-<module>: T-It: 6300 - LR: 0.0005/[0.0005] - batch loss: 2.55E-01
[17:18:27] INFO L:193-main: Iteration 6300. Start evaluation of validation data.
[17:18:32] INFO L:108-log_metrics: Start validation Logs at iteration 6300
[17:18:40] TRAINING L:313-<module>: Iteration: 6300 - TLoss: 2.76E-01 VLoss: 2.62E-01
[17:18:40] TRAINING L:313-<module>: T-It: 6305 - LR: 0.0005/[0.0005] - batch loss: 2.49E-01
[17:18:40] TRAINING L:313-<module>: T-It: 6310 - LR: 0.0005/[0.0005] - batch loss: 2.44E-01
[17:18:41] TRAINING L:313-<module>: T-It: 6315 - LR: 0.0005/[0.0005] - batch loss: 2.60E-01
[17:18:41] TRAINING L:313-<module>: T-It: 6320 - LR: 0.0005/[0.0005] - batch loss: 2.50E-01
[17:18:41] TRAINING L:313-<module>: T-It: 6325 - LR: 0.0005/[0.0005] - batch loss: 2.48E-01
[17:18:41] TRAINING L:313-<module>: T-It: 6330 - LR: 0.0005/[0.0005] - batch loss: 2.52E-01
[17:18:42] TRAINING L:313-<module>: T-It: 6335 - LR: 0.0005/[0.0005] - batch loss: 2.52E-01
[17:18:42] TRAINING L:313-<module>: T-It: 6340 - LR: 0.0005/[0.0005] - batch loss: 2.47E-01
[17:18:42] TRAINING L:313-<module>: T-It: 6345 - LR: 0.0005/[0.0005] - batch loss: 2.55E-01
[17:18:42] TRAINING L:313-<module>: T-It: 6350 - LR: 0.0005/[0.0005] - batch loss: 2.49E-01
[17:18:43] TRAINING L:313-<module>: T-It: 6355 - LR: 0.0005/[0.0005] - batch loss: 2.54E-01
[17:18:43] TRAINING L:313-<module>: T-It: 6360 - LR: 0.0005/[0.0005] - batch loss: 2.54E-01
[17:18:43] TRAINING L:313-<module>: T-It: 6365 - LR: 0.0005/[0.0005] - batch loss: 2.58E-01
[17:18:43] TRAINING L:313-<module>: T-It: 6370 - LR: 0.0005/[0.0005] - batch loss: 2.53E-01
[17:18:44] TRAINING L:313-<module>: T-It: 6375 - LR: 0.0005/[0.0005] - batch loss: 2.57E-01
[17:18:44] TRAINING L:313-<module>: T-It: 6380 - LR: 0.0005/[0.0005] - batch loss: 2.51E-01
[17:18:44] TRAINING L:313-<module>: T-It: 6385 - LR: 0.0005/[0.0005] - batch loss: 2.53E-01
[17:18:44] TRAINING L:313-<module>: T-It: 6390 - LR: 0.0005/[0.0005] - batch loss: 2.54E-01
[17:18:45] TRAINING L:313-<module>: T-It: 6395 - LR: 0.0005/[0.0005] - batch loss: 2.52E-01
[17:18:45] TRAINING L:313-<module>: T-It: 6400 - LR: 0.0005/[0.0005] - batch loss: 2.51E-01
[17:18:45] INFO L:193-main: Iteration 6400. Start evaluation of validation data.
[17:18:49] INFO L:108-log_metrics: Start validation Logs at iteration 6400
[17:18:58] TRAINING L:313-<module>: Iteration: 6400 - TLoss: 2.76E-01 VLoss: 2.57E-01
[17:18:59] TRAINING L:313-<module>: T-It: 6405 - LR: 0.0005/[0.0005] - batch loss: 2.55E-01
[17:18:59] TRAINING L:313-<module>: T-It: 6410 - LR: 0.0005/[0.0005] - batch loss: 2.50E-01
[17:18:59] TRAINING L:313-<module>: T-It: 6415 - LR: 0.0005/[0.0005] - batch loss: 2.50E-01
[17:18:59] TRAINING L:313-<module>: T-It: 6420 - LR: 0.0005/[0.0005] - batch loss: 2.53E-01
[17:19:00] TRAINING L:313-<module>: T-It: 6425 - LR: 0.0005/[0.0005] - batch loss: 2.52E-01
[17:19:00] TRAINING L:313-<module>: T-It: 6430 - LR: 0.0005/[0.0005] - batch loss: 2.55E-01
[17:19:00] TRAINING L:313-<module>: T-It: 6435 - LR: 0.0005/[0.0005] - batch loss: 2.56E-01
[17:19:00] TRAINING L:313-<module>: T-It: 6440 - LR: 0.0005/[0.0005] - batch loss: 2.51E-01
[17:19:00] TRAINING L:313-<module>: T-It: 6445 - LR: 0.0005/[0.0005] - batch loss: 2.45E-01
[17:19:01] TRAINING L:313-<module>: T-It: 6450 - LR: 0.0005/[0.0005] - batch loss: 2.53E-01
[17:19:01] TRAINING L:313-<module>: T-It: 6455 - LR: 0.0005/[0.0005] - batch loss: 2.52E-01
[17:19:01] TRAINING L:313-<module>: T-It: 6460 - LR: 0.0005/[0.0005] - batch loss: 2.59E-01
[17:19:01] TRAINING L:313-<module>: T-It: 6465 - LR: 0.0005/[0.0005] - batch loss: 2.49E-01
[17:19:02] TRAINING L:313-<module>: T-It: 6470 - LR: 0.0005/[0.0005] - batch loss: 2.48E-01
[17:19:02] TRAINING L:313-<module>: T-It: 6475 - LR: 0.0005/[0.0005] - batch loss: 2.51E-01
[17:19:03] TRAINING L:313-<module>: T-It: 6480 - LR: 0.0005/[0.0005] - batch loss: 2.56E-01
[17:19:03] TRAINING L:313-<module>: T-It: 6485 - LR: 0.0005/[0.0005] - batch loss: 2.48E-01
[17:19:03] TRAINING L:313-<module>: T-It: 6490 - LR: 0.0005/[0.0005] - batch loss: 2.55E-01
[17:19:03] TRAINING L:313-<module>: T-It: 6495 - LR: 0.0005/[0.0005] - batch loss: 2.51E-01
[17:19:04] TRAINING L:313-<module>: T-It: 6500 - LR: 0.0005/[0.0005] - batch loss: 2.51E-01
[17:19:04] INFO L:146-main: Iteration 6500. Start evaluation of training data.
[17:19:16] INFO L:108-log_metrics: Start train Logs at iteration 6500
[17:19:37] INFO L:193-main: Iteration 6500. Start evaluation of validation data.
[17:19:41] INFO L:108-log_metrics: Start validation Logs at iteration 6500
[17:19:50] TRAINING L:313-<module>: Iteration: 6500 - TLoss: 2.76E-01 VLoss: 2.64E-01
[17:19:50] TRAINING L:313-<module>: T-It: 6505 - LR: 0.0005/[0.0005] - batch loss: 2.57E-01
[17:19:51] TRAINING L:313-<module>: T-It: 6510 - LR: 0.0005/[0.0005] - batch loss: 2.50E-01
[17:19:51] TRAINING L:313-<module>: T-It: 6515 - LR: 0.0005/[0.0005] - batch loss: 2.51E-01
[17:19:51] TRAINING L:313-<module>: T-It: 6520 - LR: 0.0005/[0.0005] - batch loss: 2.55E-01
[17:19:51] TRAINING L:313-<module>: T-It: 6525 - LR: 0.0005/[0.0005] - batch loss: 2.53E-01
[17:19:52] TRAINING L:313-<module>: T-It: 6530 - LR: 0.0005/[0.0005] - batch loss: 2.48E-01
[17:19:52] TRAINING L:313-<module>: T-It: 6535 - LR: 0.0005/[0.0005] - batch loss: 2.47E-01
[17:19:52] TRAINING L:313-<module>: T-It: 6540 - LR: 0.0005/[0.0005] - batch loss: 2.55E-01
[17:19:52] TRAINING L:313-<module>: T-It: 6545 - LR: 0.0005/[0.0005] - batch loss: 2.47E-01
[17:19:53] TRAINING L:313-<module>: T-It: 6550 - LR: 0.0005/[0.0005] - batch loss: 2.51E-01
[17:19:53] TRAINING L:313-<module>: T-It: 6555 - LR: 0.0005/[0.0005] - batch loss: 2.51E-01
[17:19:53] TRAINING L:313-<module>: T-It: 6560 - LR: 0.0005/[0.0005] - batch loss: 2.53E-01
[17:19:53] TRAINING L:313-<module>: T-It: 6565 - LR: 0.0005/[0.0005] - batch loss: 2.51E-01
[17:19:54] TRAINING L:313-<module>: T-It: 6570 - LR: 0.0005/[0.0005] - batch loss: 2.55E-01
[17:19:54] TRAINING L:313-<module>: T-It: 6575 - LR: 0.0005/[0.0005] - batch loss: 2.48E-01
[17:19:54] TRAINING L:313-<module>: T-It: 6580 - LR: 0.0005/[0.0005] - batch loss: 2.55E-01
[17:19:54] TRAINING L:313-<module>: T-It: 6585 - LR: 0.0005/[0.0005] - batch loss: 2.51E-01
[17:19:55] TRAINING L:313-<module>: T-It: 6590 - LR: 0.0005/[0.0005] - batch loss: 2.46E-01
[17:19:55] TRAINING L:313-<module>: T-It: 6595 - LR: 0.0005/[0.0005] - batch loss: 2.49E-01
[17:19:55] TRAINING L:313-<module>: T-It: 6600 - LR: 0.0005/[0.0005] - batch loss: 2.50E-01
[17:19:55] INFO L:193-main: Iteration 6600. Start evaluation of validation data.
[17:20:00] INFO L:108-log_metrics: Start validation Logs at iteration 6600
[17:20:09] TRAINING L:313-<module>: Iteration: 6600 - TLoss: 2.76E-01 VLoss: 2.66E-01
[17:20:09] TRAINING L:313-<module>: T-It: 6605 - LR: 0.0005/[0.0005] - batch loss: 2.52E-01
[17:20:09] TRAINING L:313-<module>: T-It: 6610 - LR: 0.0005/[0.0005] - batch loss: 2.51E-01
[17:20:09] TRAINING L:313-<module>: T-It: 6615 - LR: 0.0005/[0.0005] - batch loss: 2.53E-01
[17:20:10] TRAINING L:313-<module>: T-It: 6620 - LR: 0.0005/[0.0005] - batch loss: 2.50E-01
[17:20:10] TRAINING L:313-<module>: T-It: 6625 - LR: 0.0005/[0.0005] - batch loss: 2.54E-01
[17:20:10] TRAINING L:313-<module>: T-It: 6630 - LR: 0.0005/[0.0005] - batch loss: 2.56E-01
[17:20:10] TRAINING L:313-<module>: T-It: 6635 - LR: 0.0005/[0.0005] - batch loss: 2.49E-01
[17:20:11] TRAINING L:313-<module>: T-It: 6640 - LR: 0.0005/[0.0005] - batch loss: 2.50E-01
[17:20:11] TRAINING L:313-<module>: T-It: 6645 - LR: 0.0005/[0.0005] - batch loss: 2.55E-01
[17:20:11] TRAINING L:313-<module>: T-It: 6650 - LR: 0.0005/[0.0005] - batch loss: 2.47E-01
[17:20:11] TRAINING L:313-<module>: T-It: 6655 - LR: 0.0005/[0.0005] - batch loss: 2.49E-01
[17:20:12] TRAINING L:313-<module>: T-It: 6660 - LR: 0.0005/[0.0005] - batch loss: 2.52E-01
[17:20:12] TRAINING L:313-<module>: T-It: 6665 - LR: 0.0005/[0.0005] - batch loss: 2.50E-01
[17:20:12] TRAINING L:313-<module>: T-It: 6670 - LR: 0.0005/[0.0005] - batch loss: 2.52E-01
[17:20:12] TRAINING L:313-<module>: T-It: 6675 - LR: 0.0005/[0.0005] - batch loss: 2.53E-01
[17:20:13] TRAINING L:313-<module>: T-It: 6680 - LR: 0.0005/[0.0005] - batch loss: 2.45E-01
[17:20:13] TRAINING L:313-<module>: T-It: 6685 - LR: 0.0005/[0.0005] - batch loss: 2.50E-01
[17:20:13] TRAINING L:313-<module>: T-It: 6690 - LR: 0.0005/[0.0005] - batch loss: 2.47E-01
[17:20:13] TRAINING L:313-<module>: T-It: 6695 - LR: 0.0005/[0.0005] - batch loss: 2.52E-01
[17:20:14] TRAINING L:313-<module>: T-It: 6700 - LR: 0.0005/[0.0005] - batch loss: 2.55E-01
[17:20:14] INFO L:193-main: Iteration 6700. Start evaluation of validation data.
[17:20:18] INFO L:108-log_metrics: Start validation Logs at iteration 6700
[17:20:27] TRAINING L:313-<module>: Iteration: 6700 - TLoss: 2.76E-01 VLoss: 2.70E-01
[17:20:27] TRAINING L:313-<module>: T-It: 6705 - LR: 0.0005/[0.0005] - batch loss: 2.50E-01
[17:20:27] TRAINING L:313-<module>: T-It: 6710 - LR: 0.0005/[0.0005] - batch loss: 2.52E-01
[17:20:27] TRAINING L:313-<module>: T-It: 6715 - LR: 0.0005/[0.0005] - batch loss: 2.50E-01
[17:20:28] TRAINING L:313-<module>: T-It: 6720 - LR: 0.0005/[0.0005] - batch loss: 2.48E-01
[17:20:28] TRAINING L:313-<module>: T-It: 6725 - LR: 0.0005/[0.0005] - batch loss: 2.50E-01
[17:20:28] TRAINING L:313-<module>: T-It: 6730 - LR: 0.0005/[0.0005] - batch loss: 2.49E-01
[17:20:28] TRAINING L:313-<module>: T-It: 6735 - LR: 0.0005/[0.0005] - batch loss: 2.54E-01
[17:20:29] TRAINING L:313-<module>: T-It: 6740 - LR: 0.0005/[0.0005] - batch loss: 2.57E-01
[17:20:29] TRAINING L:313-<module>: T-It: 6745 - LR: 0.0005/[0.0005] - batch loss: 2.44E-01
[17:20:29] TRAINING L:313-<module>: T-It: 6750 - LR: 0.0005/[0.0005] - batch loss: 2.50E-01
[17:20:29] TRAINING L:313-<module>: T-It: 6755 - LR: 0.0005/[0.0005] - batch loss: 2.53E-01
[17:20:30] TRAINING L:313-<module>: T-It: 6760 - LR: 0.0005/[0.0005] - batch loss: 2.49E-01
[17:20:30] TRAINING L:313-<module>: T-It: 6765 - LR: 0.0005/[0.0005] - batch loss: 2.45E-01
[17:20:30] TRAINING L:313-<module>: T-It: 6770 - LR: 0.0005/[0.0005] - batch loss: 2.51E-01
[17:20:30] TRAINING L:313-<module>: T-It: 6775 - LR: 0.0005/[0.0005] - batch loss: 2.48E-01
[17:20:31] TRAINING L:313-<module>: T-It: 6780 - LR: 0.0005/[0.0005] - batch loss: 2.53E-01
[17:20:31] TRAINING L:313-<module>: T-It: 6785 - LR: 0.0005/[0.0005] - batch loss: 2.47E-01
[17:20:31] TRAINING L:313-<module>: T-It: 6790 - LR: 0.0005/[0.0005] - batch loss: 2.49E-01
[17:20:31] TRAINING L:313-<module>: T-It: 6795 - LR: 0.0005/[0.0005] - batch loss: 2.56E-01
[17:20:32] TRAINING L:313-<module>: T-It: 6800 - LR: 0.0005/[0.0005] - batch loss: 2.48E-01
[17:20:32] INFO L:193-main: Iteration 6800. Start evaluation of validation data.
[17:20:36] INFO L:108-log_metrics: Start validation Logs at iteration 6800
[17:20:45] TRAINING L:313-<module>: Iteration: 6800 - TLoss: 2.76E-01 VLoss: 2.65E-01
[17:20:45] TRAINING L:313-<module>: T-It: 6805 - LR: 0.0005/[0.0005] - batch loss: 2.58E-01
[17:20:45] TRAINING L:313-<module>: T-It: 6810 - LR: 0.0005/[0.0005] - batch loss: 2.51E-01
[17:20:45] TRAINING L:313-<module>: T-It: 6815 - LR: 0.0005/[0.0005] - batch loss: 2.56E-01
[17:20:46] TRAINING L:313-<module>: T-It: 6820 - LR: 0.0005/[0.0005] - batch loss: 2.51E-01
[17:20:46] TRAINING L:313-<module>: T-It: 6825 - LR: 0.0005/[0.0005] - batch loss: 2.49E-01
[17:20:46] TRAINING L:313-<module>: T-It: 6830 - LR: 0.0005/[0.0005] - batch loss: 2.49E-01
[17:20:46] TRAINING L:313-<module>: T-It: 6835 - LR: 0.0005/[0.0005] - batch loss: 2.49E-01
[17:20:47] TRAINING L:313-<module>: T-It: 6840 - LR: 0.0005/[0.0005] - batch loss: 2.52E-01
[17:20:47] TRAINING L:313-<module>: T-It: 6845 - LR: 0.0005/[0.0005] - batch loss: 2.44E-01
[17:20:47] TRAINING L:313-<module>: T-It: 6850 - LR: 0.0005/[0.0005] - batch loss: 2.50E-01
[17:20:47] TRAINING L:313-<module>: T-It: 6855 - LR: 0.0005/[0.0005] - batch loss: 2.50E-01
[17:20:48] TRAINING L:313-<module>: T-It: 6860 - LR: 0.0005/[0.0005] - batch loss: 2.51E-01
[17:20:48] TRAINING L:313-<module>: T-It: 6865 - LR: 0.0005/[0.0005] - batch loss: 2.49E-01
[17:20:48] TRAINING L:313-<module>: T-It: 6870 - LR: 0.0005/[0.0005] - batch loss: 2.47E-01
[17:20:48] TRAINING L:313-<module>: T-It: 6875 - LR: 0.0005/[0.0005] - batch loss: 2.48E-01
[17:20:49] TRAINING L:313-<module>: T-It: 6880 - LR: 0.0005/[0.0005] - batch loss: 2.54E-01
[17:20:49] TRAINING L:313-<module>: T-It: 6885 - LR: 0.0005/[0.0005] - batch loss: 2.51E-01
[17:20:49] TRAINING L:313-<module>: T-It: 6890 - LR: 0.0005/[0.0005] - batch loss: 2.55E-01
[17:20:49] TRAINING L:313-<module>: T-It: 6895 - LR: 0.0005/[0.0005] - batch loss: 2.49E-01
[17:20:50] TRAINING L:313-<module>: T-It: 6900 - LR: 0.0005/[0.0005] - batch loss: 2.48E-01
[17:20:50] INFO L:193-main: Iteration 6900. Start evaluation of validation data.
[17:20:54] INFO L:108-log_metrics: Start validation Logs at iteration 6900
[17:21:03] TRAINING L:313-<module>: Iteration: 6900 - TLoss: 2.76E-01 VLoss: 2.55E-01
[17:21:03] TRAINING L:313-<module>: T-It: 6905 - LR: 0.0005/[0.0005] - batch loss: 2.56E-01
[17:21:04] TRAINING L:313-<module>: T-It: 6910 - LR: 0.0005/[0.0005] - batch loss: 2.55E-01
[17:21:04] TRAINING L:313-<module>: T-It: 6915 - LR: 0.0005/[0.0005] - batch loss: 2.51E-01
[17:21:04] TRAINING L:313-<module>: T-It: 6920 - LR: 0.0005/[0.0005] - batch loss: 2.54E-01
[17:21:04] TRAINING L:313-<module>: T-It: 6925 - LR: 0.0005/[0.0005] - batch loss: 2.46E-01
[17:21:05] TRAINING L:313-<module>: T-It: 6930 - LR: 0.0005/[0.0005] - batch loss: 2.48E-01
[17:21:05] TRAINING L:313-<module>: T-It: 6935 - LR: 0.0005/[0.0005] - batch loss: 2.48E-01
[17:21:05] TRAINING L:313-<module>: T-It: 6940 - LR: 0.0005/[0.0005] - batch loss: 2.50E-01
[17:21:06] TRAINING L:313-<module>: T-It: 6945 - LR: 0.0005/[0.0005] - batch loss: 2.50E-01
[17:21:06] TRAINING L:313-<module>: T-It: 6950 - LR: 0.0005/[0.0005] - batch loss: 2.50E-01
[17:21:06] TRAINING L:313-<module>: T-It: 6955 - LR: 0.0005/[0.0005] - batch loss: 2.48E-01
[17:21:06] TRAINING L:313-<module>: T-It: 6960 - LR: 0.0005/[0.0005] - batch loss: 2.47E-01
[17:21:07] TRAINING L:313-<module>: T-It: 6965 - LR: 0.0005/[0.0005] - batch loss: 2.52E-01
[17:21:07] TRAINING L:313-<module>: T-It: 6970 - LR: 0.0005/[0.0005] - batch loss: 2.46E-01
[17:21:07] TRAINING L:313-<module>: T-It: 6975 - LR: 0.0005/[0.0005] - batch loss: 2.56E-01
[17:21:07] TRAINING L:313-<module>: T-It: 6980 - LR: 0.0005/[0.0005] - batch loss: 2.49E-01
[17:21:07] TRAINING L:313-<module>: T-It: 6985 - LR: 0.0005/[0.0005] - batch loss: 2.49E-01
[17:21:08] TRAINING L:313-<module>: T-It: 6990 - LR: 0.0005/[0.0005] - batch loss: 2.49E-01
[17:21:08] TRAINING L:313-<module>: T-It: 6995 - LR: 0.0005/[0.0005] - batch loss: 2.47E-01
[17:21:08] TRAINING L:313-<module>: T-It: 7000 - LR: 0.0005/[0.0005] - batch loss: 2.49E-01
[17:21:08] INFO L:146-main: Iteration 7000. Start evaluation of training data.
[17:21:21] INFO L:108-log_metrics: Start train Logs at iteration 7000
[17:21:42] INFO L:193-main: Iteration 7000. Start evaluation of validation data.
[17:21:46] INFO L:108-log_metrics: Start validation Logs at iteration 7000
[17:21:55] TRAINING L:313-<module>: Iteration: 7000 - TLoss: 2.70E-01 VLoss: 2.58E-01
[17:21:55] TRAINING L:313-<module>: T-It: 7005 - LR: 0.0005/[0.0005] - batch loss: 2.53E-01
[17:21:55] TRAINING L:313-<module>: T-It: 7010 - LR: 0.0005/[0.0005] - batch loss: 2.49E-01
[17:21:56] TRAINING L:313-<module>: T-It: 7015 - LR: 0.0005/[0.0005] - batch loss: 2.53E-01
[17:21:56] TRAINING L:313-<module>: T-It: 7020 - LR: 0.0005/[0.0005] - batch loss: 2.53E-01
[17:21:56] TRAINING L:313-<module>: T-It: 7025 - LR: 0.0005/[0.0005] - batch loss: 2.48E-01
[17:21:56] TRAINING L:313-<module>: T-It: 7030 - LR: 0.0005/[0.0005] - batch loss: 2.53E-01
[17:21:57] TRAINING L:313-<module>: T-It: 7035 - LR: 0.0005/[0.0005] - batch loss: 2.54E-01
[17:21:57] TRAINING L:313-<module>: T-It: 7040 - LR: 0.0005/[0.0005] - batch loss: 2.49E-01
[17:21:57] TRAINING L:313-<module>: T-It: 7045 - LR: 0.0005/[0.0005] - batch loss: 2.54E-01
[17:21:57] TRAINING L:313-<module>: T-It: 7050 - LR: 0.0005/[0.0005] - batch loss: 2.52E-01
[17:21:58] TRAINING L:313-<module>: T-It: 7055 - LR: 0.0005/[0.0005] - batch loss: 2.49E-01
[17:21:58] TRAINING L:313-<module>: T-It: 7060 - LR: 0.0005/[0.0005] - batch loss: 2.40E-01
[17:21:58] TRAINING L:313-<module>: T-It: 7065 - LR: 0.0005/[0.0005] - batch loss: 2.47E-01
[17:21:58] TRAINING L:313-<module>: T-It: 7070 - LR: 0.0005/[0.0005] - batch loss: 2.49E-01
[17:21:59] TRAINING L:313-<module>: T-It: 7075 - LR: 0.0005/[0.0005] - batch loss: 2.47E-01
[17:21:59] TRAINING L:313-<module>: T-It: 7080 - LR: 0.0005/[0.0005] - batch loss: 2.51E-01
[17:21:59] TRAINING L:313-<module>: T-It: 7085 - LR: 0.0005/[0.0005] - batch loss: 2.47E-01
[17:21:59] TRAINING L:313-<module>: T-It: 7090 - LR: 0.0005/[0.0005] - batch loss: 2.45E-01
[17:22:00] TRAINING L:313-<module>: T-It: 7095 - LR: 0.0005/[0.0005] - batch loss: 2.49E-01
[17:22:00] TRAINING L:313-<module>: T-It: 7100 - LR: 0.0005/[0.0005] - batch loss: 2.45E-01
[17:22:00] INFO L:193-main: Iteration 7100. Start evaluation of validation data.
[17:22:04] INFO L:108-log_metrics: Start validation Logs at iteration 7100
[17:22:13] TRAINING L:313-<module>: Iteration: 7100 - TLoss: 2.70E-01 VLoss: 2.65E-01
[17:22:14] TRAINING L:313-<module>: T-It: 7105 - LR: 0.0005/[0.0005] - batch loss: 2.50E-01
[17:22:14] TRAINING L:313-<module>: T-It: 7110 - LR: 0.0005/[0.0005] - batch loss: 2.51E-01
[17:22:14] TRAINING L:313-<module>: T-It: 7115 - LR: 0.0005/[0.0005] - batch loss: 2.51E-01
[17:22:14] TRAINING L:313-<module>: T-It: 7120 - LR: 0.0005/[0.0005] - batch loss: 2.52E-01
[17:22:15] TRAINING L:313-<module>: T-It: 7125 - LR: 0.0005/[0.0005] - batch loss: 2.43E-01
[17:22:15] TRAINING L:313-<module>: T-It: 7130 - LR: 0.0005/[0.0005] - batch loss: 2.53E-01
[17:22:15] TRAINING L:313-<module>: T-It: 7135 - LR: 0.0005/[0.0005] - batch loss: 2.60E-01
[17:22:16] TRAINING L:313-<module>: T-It: 7140 - LR: 0.0005/[0.0005] - batch loss: 2.49E-01
[17:22:16] TRAINING L:313-<module>: T-It: 7145 - LR: 0.0005/[0.0005] - batch loss: 2.50E-01
[17:22:16] TRAINING L:313-<module>: T-It: 7150 - LR: 0.0005/[0.0005] - batch loss: 2.56E-01
[17:22:16] TRAINING L:313-<module>: T-It: 7155 - LR: 0.0005/[0.0005] - batch loss: 2.48E-01
[17:22:17] TRAINING L:313-<module>: T-It: 7160 - LR: 0.0005/[0.0005] - batch loss: 2.55E-01
[17:22:17] TRAINING L:313-<module>: T-It: 7165 - LR: 0.0005/[0.0005] - batch loss: 2.48E-01
[17:22:17] TRAINING L:313-<module>: T-It: 7170 - LR: 0.0005/[0.0005] - batch loss: 2.46E-01
[17:22:17] TRAINING L:313-<module>: T-It: 7175 - LR: 0.0005/[0.0005] - batch loss: 2.59E-01
[17:22:18] TRAINING L:313-<module>: T-It: 7180 - LR: 0.0005/[0.0005] - batch loss: 2.54E-01
[17:22:18] TRAINING L:313-<module>: T-It: 7185 - LR: 0.0005/[0.0005] - batch loss: 2.48E-01
[17:22:18] TRAINING L:313-<module>: T-It: 7190 - LR: 0.0005/[0.0005] - batch loss: 2.52E-01
[17:22:18] TRAINING L:313-<module>: T-It: 7195 - LR: 0.0005/[0.0005] - batch loss: 2.53E-01
[17:22:18] TRAINING L:313-<module>: T-It: 7200 - LR: 0.0005/[0.0005] - batch loss: 2.51E-01
[17:22:18] INFO L:193-main: Iteration 7200. Start evaluation of validation data.
[17:22:23] INFO L:108-log_metrics: Start validation Logs at iteration 7200
[17:22:32] TRAINING L:313-<module>: Iteration: 7200 - TLoss: 2.70E-01 VLoss: 2.56E-01
[17:22:32] TRAINING L:313-<module>: T-It: 7205 - LR: 0.0005/[0.0005] - batch loss: 2.47E-01
[17:22:32] TRAINING L:313-<module>: T-It: 7210 - LR: 0.0005/[0.0005] - batch loss: 2.48E-01
[17:22:32] TRAINING L:313-<module>: T-It: 7215 - LR: 0.0005/[0.0005] - batch loss: 2.51E-01
[17:22:33] TRAINING L:313-<module>: T-It: 7220 - LR: 0.0005/[0.0005] - batch loss: 2.45E-01
[17:22:33] TRAINING L:313-<module>: T-It: 7225 - LR: 0.0005/[0.0005] - batch loss: 2.49E-01
[17:22:33] TRAINING L:313-<module>: T-It: 7230 - LR: 0.0005/[0.0005] - batch loss: 2.48E-01
[17:22:33] TRAINING L:313-<module>: T-It: 7235 - LR: 0.0005/[0.0005] - batch loss: 2.53E-01
[17:22:33] TRAINING L:313-<module>: T-It: 7240 - LR: 0.0005/[0.0005] - batch loss: 2.55E-01
[17:22:34] TRAINING L:313-<module>: T-It: 7245 - LR: 0.0005/[0.0005] - batch loss: 2.51E-01
[17:22:34] TRAINING L:313-<module>: T-It: 7250 - LR: 0.0005/[0.0005] - batch loss: 2.55E-01
[17:22:34] TRAINING L:313-<module>: T-It: 7255 - LR: 0.0005/[0.0005] - batch loss: 2.52E-01
[17:22:34] TRAINING L:313-<module>: T-It: 7260 - LR: 0.0005/[0.0005] - batch loss: 2.47E-01
[17:22:35] TRAINING L:313-<module>: T-It: 7265 - LR: 0.0005/[0.0005] - batch loss: 2.53E-01
[17:22:35] TRAINING L:313-<module>: T-It: 7270 - LR: 0.0005/[0.0005] - batch loss: 2.51E-01
[17:22:35] TRAINING L:313-<module>: T-It: 7275 - LR: 0.0005/[0.0005] - batch loss: 2.50E-01
[17:22:35] TRAINING L:313-<module>: T-It: 7280 - LR: 0.0005/[0.0005] - batch loss: 2.46E-01
[17:22:36] TRAINING L:313-<module>: T-It: 7285 - LR: 0.0005/[0.0005] - batch loss: 2.51E-01
[17:22:36] TRAINING L:313-<module>: T-It: 7290 - LR: 0.0005/[0.0005] - batch loss: 2.52E-01
[17:22:36] TRAINING L:313-<module>: T-It: 7295 - LR: 0.0005/[0.0005] - batch loss: 2.49E-01
[17:22:36] TRAINING L:313-<module>: T-It: 7300 - LR: 0.0005/[0.0005] - batch loss: 2.54E-01
[17:22:36] INFO L:193-main: Iteration 7300. Start evaluation of validation data.
[17:22:40] INFO L:108-log_metrics: Start validation Logs at iteration 7300
[17:22:49] TRAINING L:313-<module>: Iteration: 7300 - TLoss: 2.70E-01 VLoss: 2.52E-01
[17:22:49] TRAINING L:313-<module>: T-It: 7305 - LR: 0.0005/[0.0005] - batch loss: 2.51E-01
[17:22:50] TRAINING L:313-<module>: T-It: 7310 - LR: 0.0005/[0.0005] - batch loss: 2.50E-01
[17:22:50] TRAINING L:313-<module>: T-It: 7315 - LR: 0.0005/[0.0005] - batch loss: 2.48E-01
[17:22:50] TRAINING L:313-<module>: T-It: 7320 - LR: 0.0005/[0.0005] - batch loss: 2.49E-01
[17:22:50] TRAINING L:313-<module>: T-It: 7325 - LR: 0.0005/[0.0005] - batch loss: 2.52E-01
[17:22:51] TRAINING L:313-<module>: T-It: 7330 - LR: 0.0005/[0.0005] - batch loss: 2.50E-01
[17:22:51] TRAINING L:313-<module>: T-It: 7335 - LR: 0.0005/[0.0005] - batch loss: 2.50E-01
[17:22:51] TRAINING L:313-<module>: T-It: 7340 - LR: 0.0005/[0.0005] - batch loss: 2.52E-01
[17:22:51] TRAINING L:313-<module>: T-It: 7345 - LR: 0.0005/[0.0005] - batch loss: 2.49E-01
[17:22:52] TRAINING L:313-<module>: T-It: 7350 - LR: 0.0005/[0.0005] - batch loss: 2.51E-01
[17:22:52] TRAINING L:313-<module>: T-It: 7355 - LR: 0.0005/[0.0005] - batch loss: 2.50E-01
[17:22:52] TRAINING L:313-<module>: T-It: 7360 - LR: 0.0005/[0.0005] - batch loss: 2.48E-01
[17:22:52] TRAINING L:313-<module>: T-It: 7365 - LR: 0.0005/[0.0005] - batch loss: 2.46E-01
[17:22:53] TRAINING L:313-<module>: T-It: 7370 - LR: 0.0005/[0.0005] - batch loss: 2.43E-01
[17:22:53] TRAINING L:313-<module>: T-It: 7375 - LR: 0.0005/[0.0005] - batch loss: 2.49E-01
[17:22:53] TRAINING L:313-<module>: T-It: 7380 - LR: 0.0005/[0.0005] - batch loss: 2.47E-01
[17:22:53] TRAINING L:313-<module>: T-It: 7385 - LR: 0.0005/[0.0005] - batch loss: 2.49E-01
[17:22:53] TRAINING L:313-<module>: T-It: 7390 - LR: 0.0005/[0.0005] - batch loss: 2.45E-01
[17:22:54] TRAINING L:313-<module>: T-It: 7395 - LR: 0.0005/[0.0005] - batch loss: 2.52E-01
[17:22:54] TRAINING L:313-<module>: T-It: 7400 - LR: 0.0005/[0.0005] - batch loss: 2.43E-01
[17:22:54] INFO L:193-main: Iteration 7400. Start evaluation of validation data.
[17:22:58] INFO L:108-log_metrics: Start validation Logs at iteration 7400
[17:23:07] TRAINING L:313-<module>: Iteration: 7400 - TLoss: 2.70E-01 VLoss: 2.63E-01
[17:23:08] TRAINING L:313-<module>: T-It: 7405 - LR: 0.0005/[0.0005] - batch loss: 2.50E-01
[17:23:08] TRAINING L:313-<module>: T-It: 7410 - LR: 0.0005/[0.0005] - batch loss: 2.48E-01
[17:23:08] TRAINING L:313-<module>: T-It: 7415 - LR: 0.0005/[0.0005] - batch loss: 2.46E-01
[17:23:08] TRAINING L:313-<module>: T-It: 7420 - LR: 0.0005/[0.0005] - batch loss: 2.50E-01
[17:23:09] TRAINING L:313-<module>: T-It: 7425 - LR: 0.0005/[0.0005] - batch loss: 2.50E-01
[17:23:09] TRAINING L:313-<module>: T-It: 7430 - LR: 0.0005/[0.0005] - batch loss: 2.50E-01
[17:23:10] TRAINING L:313-<module>: T-It: 7435 - LR: 0.0005/[0.0005] - batch loss: 2.50E-01
[17:23:10] TRAINING L:313-<module>: T-It: 7440 - LR: 0.0005/[0.0005] - batch loss: 2.46E-01
[17:23:10] TRAINING L:313-<module>: T-It: 7445 - LR: 0.0005/[0.0005] - batch loss: 2.51E-01
[17:23:10] TRAINING L:313-<module>: T-It: 7450 - LR: 0.0005/[0.0005] - batch loss: 2.48E-01
[17:23:10] TRAINING L:313-<module>: T-It: 7455 - LR: 0.0005/[0.0005] - batch loss: 2.49E-01
[17:23:11] TRAINING L:313-<module>: T-It: 7460 - LR: 0.0005/[0.0005] - batch loss: 2.49E-01
[17:23:11] TRAINING L:313-<module>: T-It: 7465 - LR: 0.0005/[0.0005] - batch loss: 2.49E-01
[17:23:11] TRAINING L:313-<module>: T-It: 7470 - LR: 0.0005/[0.0005] - batch loss: 2.49E-01
[17:23:11] TRAINING L:313-<module>: T-It: 7475 - LR: 0.0005/[0.0005] - batch loss: 2.49E-01
[17:23:12] TRAINING L:313-<module>: T-It: 7480 - LR: 0.0005/[0.0005] - batch loss: 2.52E-01
[17:23:12] TRAINING L:313-<module>: T-It: 7485 - LR: 0.0005/[0.0005] - batch loss: 2.50E-01
[17:23:12] TRAINING L:313-<module>: T-It: 7490 - LR: 0.0005/[0.0005] - batch loss: 2.50E-01
[17:23:12] TRAINING L:313-<module>: T-It: 7495 - LR: 0.0005/[0.0005] - batch loss: 2.46E-01
[17:23:13] TRAINING L:313-<module>: T-It: 7500 - LR: 0.0005/[0.0005] - batch loss: 2.47E-01
[17:23:13] INFO L:146-main: Iteration 7500. Start evaluation of training data.
[17:23:25] INFO L:108-log_metrics: Start train Logs at iteration 7500
[17:23:46] INFO L:193-main: Iteration 7500. Start evaluation of validation data.
[17:23:50] INFO L:108-log_metrics: Start validation Logs at iteration 7500
[17:23:59] TRAINING L:313-<module>: Iteration: 7500 - TLoss: 2.67E-01 VLoss: 2.56E-01
[17:23:59] TRAINING L:313-<module>: T-It: 7505 - LR: 0.0005/[0.0005] - batch loss: 2.46E-01
[17:23:59] TRAINING L:313-<module>: T-It: 7510 - LR: 0.0005/[0.0005] - batch loss: 2.54E-01
[17:24:00] TRAINING L:313-<module>: T-It: 7515 - LR: 0.0005/[0.0005] - batch loss: 2.48E-01
[17:24:00] TRAINING L:313-<module>: T-It: 7520 - LR: 0.0005/[0.0005] - batch loss: 2.54E-01
[17:24:00] TRAINING L:313-<module>: T-It: 7525 - LR: 0.0005/[0.0005] - batch loss: 2.50E-01
[17:24:00] TRAINING L:313-<module>: T-It: 7530 - LR: 0.0005/[0.0005] - batch loss: 2.47E-01
[17:24:01] TRAINING L:313-<module>: T-It: 7535 - LR: 0.0005/[0.0005] - batch loss: 2.47E-01
[17:24:01] TRAINING L:313-<module>: T-It: 7540 - LR: 0.0005/[0.0005] - batch loss: 2.51E-01
[17:24:01] TRAINING L:313-<module>: T-It: 7545 - LR: 0.0005/[0.0005] - batch loss: 2.50E-01
[17:24:01] TRAINING L:313-<module>: T-It: 7550 - LR: 0.0005/[0.0005] - batch loss: 2.49E-01
[17:24:02] TRAINING L:313-<module>: T-It: 7555 - LR: 0.0005/[0.0005] - batch loss: 2.48E-01
[17:24:02] TRAINING L:313-<module>: T-It: 7560 - LR: 0.0005/[0.0005] - batch loss: 2.47E-01
[17:24:02] TRAINING L:313-<module>: T-It: 7565 - LR: 0.0005/[0.0005] - batch loss: 2.47E-01
[17:24:02] TRAINING L:313-<module>: T-It: 7570 - LR: 0.0005/[0.0005] - batch loss: 2.44E-01
[17:24:03] TRAINING L:313-<module>: T-It: 7575 - LR: 0.0005/[0.0005] - batch loss: 2.45E-01
[17:24:03] TRAINING L:313-<module>: T-It: 7580 - LR: 0.0005/[0.0005] - batch loss: 2.43E-01
[17:24:03] TRAINING L:313-<module>: T-It: 7585 - LR: 0.0005/[0.0005] - batch loss: 2.49E-01
[17:24:03] TRAINING L:313-<module>: T-It: 7590 - LR: 0.0005/[0.0005] - batch loss: 2.54E-01
[17:24:03] TRAINING L:313-<module>: T-It: 7595 - LR: 0.0005/[0.0005] - batch loss: 2.54E-01
[17:24:04] TRAINING L:313-<module>: T-It: 7600 - LR: 0.0005/[0.0005] - batch loss: 2.49E-01
[17:24:04] INFO L:193-main: Iteration 7600. Start evaluation of validation data.
[17:24:08] INFO L:108-log_metrics: Start validation Logs at iteration 7600
[17:24:17] TRAINING L:313-<module>: Iteration: 7600 - TLoss: 2.67E-01 VLoss: 2.68E-01
[17:24:17] TRAINING L:313-<module>: T-It: 7605 - LR: 0.0005/[0.0005] - batch loss: 2.49E-01
[17:24:17] TRAINING L:313-<module>: T-It: 7610 - LR: 0.0005/[0.0005] - batch loss: 2.45E-01
[17:24:18] TRAINING L:313-<module>: T-It: 7615 - LR: 0.0005/[0.0005] - batch loss: 2.46E-01
[17:24:18] TRAINING L:313-<module>: T-It: 7620 - LR: 0.0005/[0.0005] - batch loss: 2.51E-01
[17:24:18] TRAINING L:313-<module>: T-It: 7625 - LR: 0.0005/[0.0005] - batch loss: 2.54E-01
[17:24:18] TRAINING L:313-<module>: T-It: 7630 - LR: 0.0005/[0.0005] - batch loss: 2.52E-01
[17:24:19] TRAINING L:313-<module>: T-It: 7635 - LR: 0.0005/[0.0005] - batch loss: 2.50E-01
[17:24:19] TRAINING L:313-<module>: T-It: 7640 - LR: 0.0005/[0.0005] - batch loss: 2.48E-01
[17:24:19] TRAINING L:313-<module>: T-It: 7645 - LR: 0.0005/[0.0005] - batch loss: 2.47E-01
[17:24:19] TRAINING L:313-<module>: T-It: 7650 - LR: 0.0005/[0.0005] - batch loss: 2.48E-01
[17:24:20] TRAINING L:313-<module>: T-It: 7655 - LR: 0.0005/[0.0005] - batch loss: 2.47E-01
[17:24:20] TRAINING L:313-<module>: T-It: 7660 - LR: 0.0005/[0.0005] - batch loss: 2.50E-01
[17:24:20] TRAINING L:313-<module>: T-It: 7665 - LR: 0.0005/[0.0005] - batch loss: 2.47E-01
[17:24:20] TRAINING L:313-<module>: T-It: 7670 - LR: 0.0005/[0.0005] - batch loss: 2.46E-01
[17:24:21] TRAINING L:313-<module>: T-It: 7675 - LR: 0.0005/[0.0005] - batch loss: 2.50E-01
[17:24:21] TRAINING L:313-<module>: T-It: 7680 - LR: 0.0005/[0.0005] - batch loss: 2.51E-01
[17:24:21] TRAINING L:313-<module>: T-It: 7685 - LR: 0.0005/[0.0005] - batch loss: 2.44E-01
[17:24:21] TRAINING L:313-<module>: T-It: 7690 - LR: 0.0005/[0.0005] - batch loss: 2.46E-01
[17:24:21] TRAINING L:313-<module>: T-It: 7695 - LR: 0.0005/[0.0005] - batch loss: 2.51E-01
[17:24:22] TRAINING L:313-<module>: T-It: 7700 - LR: 0.0005/[0.0005] - batch loss: 2.51E-01
[17:24:22] INFO L:193-main: Iteration 7700. Start evaluation of validation data.
[17:24:26] INFO L:108-log_metrics: Start validation Logs at iteration 7700
[17:24:34] TRAINING L:313-<module>: Iteration: 7700 - TLoss: 2.67E-01 VLoss: 2.55E-01
[17:24:35] TRAINING L:313-<module>: T-It: 7705 - LR: 0.0005/[0.0005] - batch loss: 2.49E-01
[17:24:35] TRAINING L:313-<module>: T-It: 7710 - LR: 0.0005/[0.0005] - batch loss: 2.49E-01
[17:24:35] TRAINING L:313-<module>: T-It: 7715 - LR: 0.0005/[0.0005] - batch loss: 2.47E-01
[17:24:35] TRAINING L:313-<module>: T-It: 7720 - LR: 0.0005/[0.0005] - batch loss: 2.51E-01
[17:24:35] TRAINING L:313-<module>: T-It: 7725 - LR: 0.0005/[0.0005] - batch loss: 2.48E-01
[17:24:36] TRAINING L:313-<module>: T-It: 7730 - LR: 0.0005/[0.0005] - batch loss: 2.51E-01
[17:24:36] TRAINING L:313-<module>: T-It: 7735 - LR: 0.0005/[0.0005] - batch loss: 2.46E-01
[17:24:36] TRAINING L:313-<module>: T-It: 7740 - LR: 0.0005/[0.0005] - batch loss: 2.48E-01
[17:24:36] TRAINING L:313-<module>: T-It: 7745 - LR: 0.0005/[0.0005] - batch loss: 2.53E-01
[17:24:37] TRAINING L:313-<module>: T-It: 7750 - LR: 0.0005/[0.0005] - batch loss: 2.51E-01
[17:24:37] TRAINING L:313-<module>: T-It: 7755 - LR: 0.0005/[0.0005] - batch loss: 2.46E-01
[17:24:37] TRAINING L:313-<module>: T-It: 7760 - LR: 0.0005/[0.0005] - batch loss: 2.46E-01
[17:24:37] TRAINING L:313-<module>: T-It: 7765 - LR: 0.0005/[0.0005] - batch loss: 2.51E-01
[17:24:38] TRAINING L:313-<module>: T-It: 7770 - LR: 0.0005/[0.0005] - batch loss: 2.46E-01
[17:24:38] TRAINING L:313-<module>: T-It: 7775 - LR: 0.0005/[0.0005] - batch loss: 2.48E-01
[17:24:38] TRAINING L:313-<module>: T-It: 7780 - LR: 0.0005/[0.0005] - batch loss: 2.47E-01
[17:24:38] TRAINING L:313-<module>: T-It: 7785 - LR: 0.0005/[0.0005] - batch loss: 2.47E-01
[17:24:39] TRAINING L:313-<module>: T-It: 7790 - LR: 0.0005/[0.0005] - batch loss: 2.47E-01
[17:24:39] TRAINING L:313-<module>: T-It: 7795 - LR: 0.0005/[0.0005] - batch loss: 2.47E-01
[17:24:39] TRAINING L:313-<module>: T-It: 7800 - LR: 0.0005/[0.0005] - batch loss: 2.54E-01
[17:24:39] INFO L:193-main: Iteration 7800. Start evaluation of validation data.
[17:24:43] INFO L:108-log_metrics: Start validation Logs at iteration 7800
[17:24:52] TRAINING L:313-<module>: Iteration: 7800 - TLoss: 2.67E-01 VLoss: 2.66E-01
[17:24:52] TRAINING L:313-<module>: T-It: 7805 - LR: 0.0005/[0.0005] - batch loss: 2.46E-01
[17:24:52] TRAINING L:313-<module>: T-It: 7810 - LR: 0.0005/[0.0005] - batch loss: 2.52E-01
[17:24:52] TRAINING L:313-<module>: T-It: 7815 - LR: 0.0005/[0.0005] - batch loss: 2.42E-01
[17:24:53] TRAINING L:313-<module>: T-It: 7820 - LR: 0.0005/[0.0005] - batch loss: 2.52E-01
[17:24:53] TRAINING L:313-<module>: T-It: 7825 - LR: 0.0005/[0.0005] - batch loss: 2.53E-01
[17:24:53] TRAINING L:313-<module>: T-It: 7830 - LR: 0.0005/[0.0005] - batch loss: 2.51E-01
[17:24:53] TRAINING L:313-<module>: T-It: 7835 - LR: 0.0005/[0.0005] - batch loss: 2.45E-01
[17:24:53] TRAINING L:313-<module>: T-It: 7840 - LR: 0.0005/[0.0005] - batch loss: 2.46E-01
[17:24:54] TRAINING L:313-<module>: T-It: 7845 - LR: 0.0005/[0.0005] - batch loss: 2.52E-01
[17:24:54] TRAINING L:313-<module>: T-It: 7850 - LR: 0.0005/[0.0005] - batch loss: 2.47E-01
[17:24:54] TRAINING L:313-<module>: T-It: 7855 - LR: 0.0005/[0.0005] - batch loss: 2.47E-01
[17:24:54] TRAINING L:313-<module>: T-It: 7860 - LR: 0.0005/[0.0005] - batch loss: 2.47E-01
[17:24:55] TRAINING L:313-<module>: T-It: 7865 - LR: 0.0005/[0.0005] - batch loss: 2.49E-01
[17:24:55] TRAINING L:313-<module>: T-It: 7870 - LR: 0.0005/[0.0005] - batch loss: 2.52E-01
[17:24:55] TRAINING L:313-<module>: T-It: 7875 - LR: 0.0005/[0.0005] - batch loss: 2.49E-01
[17:24:55] TRAINING L:313-<module>: T-It: 7880 - LR: 0.0005/[0.0005] - batch loss: 2.49E-01
[17:24:56] TRAINING L:313-<module>: T-It: 7885 - LR: 0.0005/[0.0005] - batch loss: 2.51E-01
[17:24:56] TRAINING L:313-<module>: T-It: 7890 - LR: 0.0005/[0.0005] - batch loss: 2.51E-01
[17:24:56] TRAINING L:313-<module>: T-It: 7895 - LR: 0.0005/[0.0005] - batch loss: 2.48E-01
[17:24:56] TRAINING L:313-<module>: T-It: 7900 - LR: 0.0005/[0.0005] - batch loss: 2.49E-01
[17:24:56] INFO L:193-main: Iteration 7900. Start evaluation of validation data.
[17:25:00] INFO L:108-log_metrics: Start validation Logs at iteration 7900
[17:25:09] TRAINING L:313-<module>: Iteration: 7900 - TLoss: 2.67E-01 VLoss: 2.64E-01
[17:25:10] TRAINING L:313-<module>: T-It: 7905 - LR: 0.0005/[0.0005] - batch loss: 2.50E-01
[17:25:10] TRAINING L:313-<module>: T-It: 7910 - LR: 0.0005/[0.0005] - batch loss: 2.49E-01
[17:25:10] TRAINING L:313-<module>: T-It: 7915 - LR: 0.0005/[0.0005] - batch loss: 2.51E-01
[17:25:10] TRAINING L:313-<module>: T-It: 7920 - LR: 0.0005/[0.0005] - batch loss: 2.51E-01
[17:25:11] TRAINING L:313-<module>: T-It: 7925 - LR: 0.0005/[0.0005] - batch loss: 2.45E-01
[17:25:11] TRAINING L:313-<module>: T-It: 7930 - LR: 0.0005/[0.0005] - batch loss: 2.48E-01
[17:25:11] TRAINING L:313-<module>: T-It: 7935 - LR: 0.0005/[0.0005] - batch loss: 2.44E-01
[17:25:11] TRAINING L:313-<module>: T-It: 7940 - LR: 0.0005/[0.0005] - batch loss: 2.48E-01
[17:25:11] TRAINING L:313-<module>: T-It: 7945 - LR: 0.0005/[0.0005] - batch loss: 2.48E-01
[17:25:12] TRAINING L:313-<module>: T-It: 7950 - LR: 0.0005/[0.0005] - batch loss: 2.48E-01
[17:25:12] TRAINING L:313-<module>: T-It: 7955 - LR: 0.0005/[0.0005] - batch loss: 2.42E-01
[17:25:12] TRAINING L:313-<module>: T-It: 7960 - LR: 0.0005/[0.0005] - batch loss: 2.49E-01
[17:25:12] TRAINING L:313-<module>: T-It: 7965 - LR: 0.0005/[0.0005] - batch loss: 2.52E-01
[17:25:13] TRAINING L:313-<module>: T-It: 7970 - LR: 0.0005/[0.0005] - batch loss: 2.47E-01
[17:25:13] TRAINING L:313-<module>: T-It: 7975 - LR: 0.0005/[0.0005] - batch loss: 2.47E-01
[17:25:13] TRAINING L:313-<module>: T-It: 7980 - LR: 0.0005/[0.0005] - batch loss: 2.49E-01
[17:25:13] TRAINING L:313-<module>: T-It: 7985 - LR: 0.0005/[0.0005] - batch loss: 2.47E-01
[17:25:14] TRAINING L:313-<module>: T-It: 7990 - LR: 0.0005/[0.0005] - batch loss: 2.52E-01
[17:25:14] TRAINING L:313-<module>: T-It: 7995 - LR: 0.0005/[0.0005] - batch loss: 2.48E-01
[17:25:14] TRAINING L:313-<module>: T-It: 8000 - LR: 0.0005/[0.0005] - batch loss: 2.44E-01
[17:25:14] INFO L:146-main: Iteration 8000. Start evaluation of training data.
[17:25:27] INFO L:108-log_metrics: Start train Logs at iteration 8000
[17:25:47] INFO L:193-main: Iteration 8000. Start evaluation of validation data.
[17:25:51] INFO L:108-log_metrics: Start validation Logs at iteration 8000
[17:26:00] TRAINING L:313-<module>: Iteration: 8000 - TLoss: 2.75E-01 VLoss: 2.67E-01
[17:26:00] TRAINING L:313-<module>: T-It: 8005 - LR: 0.0005/[0.0005] - batch loss: 2.46E-01
[17:26:00] TRAINING L:313-<module>: T-It: 8010 - LR: 0.0005/[0.0005] - batch loss: 2.46E-01
[17:26:01] TRAINING L:313-<module>: T-It: 8015 - LR: 0.0005/[0.0005] - batch loss: 2.44E-01
[17:26:01] TRAINING L:313-<module>: T-It: 8020 - LR: 0.0005/[0.0005] - batch loss: 2.46E-01
[17:26:01] TRAINING L:313-<module>: T-It: 8025 - LR: 0.0005/[0.0005] - batch loss: 2.47E-01
[17:26:01] TRAINING L:313-<module>: T-It: 8030 - LR: 0.0005/[0.0005] - batch loss: 2.50E-01
[17:26:02] TRAINING L:313-<module>: T-It: 8035 - LR: 0.0005/[0.0005] - batch loss: 2.47E-01
[17:26:02] TRAINING L:313-<module>: T-It: 8040 - LR: 0.0005/[0.0005] - batch loss: 2.48E-01
[17:26:02] TRAINING L:313-<module>: T-It: 8045 - LR: 0.0005/[0.0005] - batch loss: 2.50E-01
[17:26:02] TRAINING L:313-<module>: T-It: 8050 - LR: 0.0005/[0.0005] - batch loss: 2.50E-01
[17:26:03] TRAINING L:313-<module>: T-It: 8055 - LR: 0.0005/[0.0005] - batch loss: 2.45E-01
[17:26:03] TRAINING L:313-<module>: T-It: 8060 - LR: 0.0005/[0.0005] - batch loss: 2.37E-01
[17:26:03] TRAINING L:313-<module>: T-It: 8065 - LR: 0.0005/[0.0005] - batch loss: 2.42E-01
[17:26:03] TRAINING L:313-<module>: T-It: 8070 - LR: 0.0005/[0.0005] - batch loss: 2.46E-01
[17:26:04] TRAINING L:313-<module>: T-It: 8075 - LR: 0.0005/[0.0005] - batch loss: 2.47E-01
[17:26:04] TRAINING L:313-<module>: T-It: 8080 - LR: 0.0005/[0.0005] - batch loss: 2.47E-01
[17:26:04] TRAINING L:313-<module>: T-It: 8085 - LR: 0.0005/[0.0005] - batch loss: 2.44E-01
[17:26:04] TRAINING L:313-<module>: T-It: 8090 - LR: 0.0005/[0.0005] - batch loss: 2.44E-01
[17:26:05] TRAINING L:313-<module>: T-It: 8095 - LR: 0.0005/[0.0005] - batch loss: 2.45E-01
[17:26:05] TRAINING L:313-<module>: T-It: 8100 - LR: 0.0005/[0.0005] - batch loss: 2.45E-01
[17:26:05] INFO L:193-main: Iteration 8100. Start evaluation of validation data.
[17:26:09] INFO L:108-log_metrics: Start validation Logs at iteration 8100
[17:26:18] TRAINING L:313-<module>: Iteration: 8100 - TLoss: 2.75E-01 VLoss: 2.65E-01
[17:26:18] TRAINING L:313-<module>: T-It: 8105 - LR: 0.0005/[0.0005] - batch loss: 2.45E-01
[17:26:18] TRAINING L:313-<module>: T-It: 8110 - LR: 0.0005/[0.0005] - batch loss: 2.43E-01
[17:26:19] TRAINING L:313-<module>: T-It: 8115 - LR: 0.0005/[0.0005] - batch loss: 2.47E-01
[17:26:19] TRAINING L:313-<module>: T-It: 8120 - LR: 0.0005/[0.0005] - batch loss: 2.40E-01
[17:26:19] TRAINING L:313-<module>: T-It: 8125 - LR: 0.0005/[0.0005] - batch loss: 2.47E-01
[17:26:19] TRAINING L:313-<module>: T-It: 8130 - LR: 0.0005/[0.0005] - batch loss: 2.50E-01
[17:26:20] TRAINING L:313-<module>: T-It: 8135 - LR: 0.0005/[0.0005] - batch loss: 2.44E-01
[17:26:20] TRAINING L:313-<module>: T-It: 8140 - LR: 0.0005/[0.0005] - batch loss: 2.50E-01
[17:26:20] TRAINING L:313-<module>: T-It: 8145 - LR: 0.0005/[0.0005] - batch loss: 2.44E-01
[17:26:20] TRAINING L:313-<module>: T-It: 8150 - LR: 0.0005/[0.0005] - batch loss: 2.45E-01
[17:26:21] TRAINING L:313-<module>: T-It: 8155 - LR: 0.0005/[0.0005] - batch loss: 2.51E-01
[17:26:21] TRAINING L:313-<module>: T-It: 8160 - LR: 0.0005/[0.0005] - batch loss: 2.46E-01
[17:26:21] TRAINING L:313-<module>: T-It: 8165 - LR: 0.0005/[0.0005] - batch loss: 2.42E-01
[17:26:21] TRAINING L:313-<module>: T-It: 8170 - LR: 0.0005/[0.0005] - batch loss: 2.48E-01
[17:26:21] TRAINING L:313-<module>: T-It: 8175 - LR: 0.0005/[0.0005] - batch loss: 2.43E-01
[17:26:22] TRAINING L:313-<module>: T-It: 8180 - LR: 0.0005/[0.0005] - batch loss: 2.41E-01
[17:26:22] TRAINING L:313-<module>: T-It: 8185 - LR: 0.0005/[0.0005] - batch loss: 2.44E-01
[17:26:22] TRAINING L:313-<module>: T-It: 8190 - LR: 0.0005/[0.0005] - batch loss: 2.50E-01
[17:26:22] TRAINING L:313-<module>: T-It: 8195 - LR: 0.0005/[0.0005] - batch loss: 2.46E-01
[17:26:23] TRAINING L:313-<module>: T-It: 8200 - LR: 0.0005/[0.0005] - batch loss: 2.49E-01
[17:26:23] INFO L:193-main: Iteration 8200. Start evaluation of validation data.
[17:26:27] INFO L:108-log_metrics: Start validation Logs at iteration 8200
[17:26:36] TRAINING L:313-<module>: Iteration: 8200 - TLoss: 2.75E-01 VLoss: 2.72E-01
[17:26:36] TRAINING L:313-<module>: T-It: 8205 - LR: 0.0005/[0.0005] - batch loss: 2.49E-01
[17:26:36] TRAINING L:313-<module>: T-It: 8210 - LR: 0.0005/[0.0005] - batch loss: 2.51E-01
[17:26:36] TRAINING L:313-<module>: T-It: 8215 - LR: 0.0005/[0.0005] - batch loss: 2.45E-01
[17:26:37] TRAINING L:313-<module>: T-It: 8220 - LR: 0.0005/[0.0005] - batch loss: 2.44E-01
[17:26:37] TRAINING L:313-<module>: T-It: 8225 - LR: 0.0005/[0.0005] - batch loss: 2.44E-01
[17:26:37] TRAINING L:313-<module>: T-It: 8230 - LR: 0.0005/[0.0005] - batch loss: 2.47E-01
[17:26:37] TRAINING L:313-<module>: T-It: 8235 - LR: 0.0005/[0.0005] - batch loss: 2.48E-01
[17:26:37] TRAINING L:313-<module>: T-It: 8240 - LR: 0.0005/[0.0005] - batch loss: 2.49E-01
[17:26:38] TRAINING L:313-<module>: T-It: 8245 - LR: 0.0005/[0.0005] - batch loss: 2.51E-01
[17:26:38] TRAINING L:313-<module>: T-It: 8250 - LR: 0.0005/[0.0005] - batch loss: 2.46E-01
[17:26:38] TRAINING L:313-<module>: T-It: 8255 - LR: 0.0005/[0.0005] - batch loss: 2.44E-01
[17:26:38] TRAINING L:313-<module>: T-It: 8260 - LR: 0.0005/[0.0005] - batch loss: 2.47E-01
[17:26:39] TRAINING L:313-<module>: T-It: 8265 - LR: 0.0005/[0.0005] - batch loss: 2.45E-01
[17:26:39] TRAINING L:313-<module>: T-It: 8270 - LR: 0.0005/[0.0005] - batch loss: 2.45E-01
[17:26:39] TRAINING L:313-<module>: T-It: 8275 - LR: 0.0005/[0.0005] - batch loss: 2.44E-01
[17:26:39] TRAINING L:313-<module>: T-It: 8280 - LR: 0.0005/[0.0005] - batch loss: 2.50E-01
[17:26:40] TRAINING L:313-<module>: T-It: 8285 - LR: 0.0005/[0.0005] - batch loss: 2.46E-01
[17:26:40] TRAINING L:313-<module>: T-It: 8290 - LR: 0.0005/[0.0005] - batch loss: 2.50E-01
[17:26:40] TRAINING L:313-<module>: T-It: 8295 - LR: 0.0005/[0.0005] - batch loss: 2.43E-01
[17:26:40] TRAINING L:313-<module>: T-It: 8300 - LR: 0.0005/[0.0005] - batch loss: 2.48E-01
[17:26:40] INFO L:193-main: Iteration 8300. Start evaluation of validation data.
[17:26:44] INFO L:108-log_metrics: Start validation Logs at iteration 8300
[17:26:53] TRAINING L:313-<module>: Iteration: 8300 - TLoss: 2.75E-01 VLoss: 2.63E-01
[17:26:53] INFO L:78-_reload_after_lr_drop: 0.0005 -> 0.00025
Reload model and optimizer from iteration 4100
[17:26:53] TRAINING L:313-<module>: T-It: 8305 - LR: 0.00025/[0.00025] - batch loss: 2.51E-01
[17:26:54] TRAINING L:313-<module>: T-It: 8310 - LR: 0.00025/[0.00025] - batch loss: 2.44E-01
[17:26:54] TRAINING L:313-<module>: T-It: 8315 - LR: 0.00025/[0.00025] - batch loss: 2.46E-01
[17:26:54] TRAINING L:313-<module>: T-It: 8320 - LR: 0.00025/[0.00025] - batch loss: 2.45E-01
[17:26:55] TRAINING L:313-<module>: T-It: 8325 - LR: 0.00025/[0.00025] - batch loss: 2.40E-01
[17:26:55] TRAINING L:313-<module>: T-It: 8330 - LR: 0.00025/[0.00025] - batch loss: 2.48E-01
[17:26:55] TRAINING L:313-<module>: T-It: 8335 - LR: 0.00025/[0.00025] - batch loss: 2.46E-01
[17:26:55] TRAINING L:313-<module>: T-It: 8340 - LR: 0.00025/[0.00025] - batch loss: 2.46E-01
[17:26:56] TRAINING L:313-<module>: T-It: 8345 - LR: 0.00025/[0.00025] - batch loss: 2.45E-01
[17:26:56] TRAINING L:313-<module>: T-It: 8350 - LR: 0.00025/[0.00025] - batch loss: 2.46E-01
[17:26:56] TRAINING L:313-<module>: T-It: 8355 - LR: 0.00025/[0.00025] - batch loss: 2.42E-01
[17:26:56] TRAINING L:313-<module>: T-It: 8360 - LR: 0.00025/[0.00025] - batch loss: 2.45E-01
[17:26:57] TRAINING L:313-<module>: T-It: 8365 - LR: 0.00025/[0.00025] - batch loss: 2.43E-01
[17:26:57] TRAINING L:313-<module>: T-It: 8370 - LR: 0.00025/[0.00025] - batch loss: 2.43E-01
[17:26:57] TRAINING L:313-<module>: T-It: 8375 - LR: 0.00025/[0.00025] - batch loss: 2.42E-01
[17:26:57] TRAINING L:313-<module>: T-It: 8380 - LR: 0.00025/[0.00025] - batch loss: 2.41E-01
[17:26:58] TRAINING L:313-<module>: T-It: 8385 - LR: 0.00025/[0.00025] - batch loss: 2.47E-01
[17:26:58] TRAINING L:313-<module>: T-It: 8390 - LR: 0.00025/[0.00025] - batch loss: 2.44E-01
[17:26:58] TRAINING L:313-<module>: T-It: 8395 - LR: 0.00025/[0.00025] - batch loss: 2.41E-01
[17:26:58] TRAINING L:313-<module>: T-It: 8400 - LR: 0.00025/[0.00025] - batch loss: 2.55E-01
[17:26:58] INFO L:193-main: Iteration 8400. Start evaluation of validation data.
[17:27:02] INFO L:108-log_metrics: Start validation Logs at iteration 8400
[17:27:11] TRAINING L:313-<module>: Iteration: 8400 - TLoss: 2.75E-01 VLoss: 2.55E-01
[17:27:11] TRAINING L:313-<module>: T-It: 8405 - LR: 0.00025/[0.00025] - batch loss: 2.42E-01
[17:27:12] TRAINING L:313-<module>: T-It: 8410 - LR: 0.00025/[0.00025] - batch loss: 2.48E-01
[17:27:12] TRAINING L:313-<module>: T-It: 8415 - LR: 0.00025/[0.00025] - batch loss: 2.46E-01
[17:27:12] TRAINING L:313-<module>: T-It: 8420 - LR: 0.00025/[0.00025] - batch loss: 2.43E-01
[17:27:12] TRAINING L:313-<module>: T-It: 8425 - LR: 0.00025/[0.00025] - batch loss: 2.42E-01
[17:27:13] TRAINING L:313-<module>: T-It: 8430 - LR: 0.00025/[0.00025] - batch loss: 2.43E-01
[17:27:13] TRAINING L:313-<module>: T-It: 8435 - LR: 0.00025/[0.00025] - batch loss: 2.42E-01
[17:27:13] TRAINING L:313-<module>: T-It: 8440 - LR: 0.00025/[0.00025] - batch loss: 2.48E-01
[17:27:13] TRAINING L:313-<module>: T-It: 8445 - LR: 0.00025/[0.00025] - batch loss: 2.40E-01
[17:27:14] TRAINING L:313-<module>: T-It: 8450 - LR: 0.00025/[0.00025] - batch loss: 2.41E-01
[17:27:14] TRAINING L:313-<module>: T-It: 8455 - LR: 0.00025/[0.00025] - batch loss: 2.44E-01
[17:27:14] TRAINING L:313-<module>: T-It: 8460 - LR: 0.00025/[0.00025] - batch loss: 2.43E-01
[17:27:14] TRAINING L:313-<module>: T-It: 8465 - LR: 0.00025/[0.00025] - batch loss: 2.40E-01
[17:27:15] TRAINING L:313-<module>: T-It: 8470 - LR: 0.00025/[0.00025] - batch loss: 2.44E-01
[17:27:15] TRAINING L:313-<module>: T-It: 8475 - LR: 0.00025/[0.00025] - batch loss: 2.45E-01
[17:27:15] TRAINING L:313-<module>: T-It: 8480 - LR: 0.00025/[0.00025] - batch loss: 2.45E-01
[17:27:16] TRAINING L:313-<module>: T-It: 8485 - LR: 0.00025/[0.00025] - batch loss: 2.47E-01
[17:27:16] TRAINING L:313-<module>: T-It: 8490 - LR: 0.00025/[0.00025] - batch loss: 2.45E-01
[17:27:17] TRAINING L:313-<module>: T-It: 8495 - LR: 0.00025/[0.00025] - batch loss: 2.48E-01
[17:27:17] TRAINING L:313-<module>: T-It: 8500 - LR: 0.00025/[0.00025] - batch loss: 2.34E-01
[17:27:17] INFO L:146-main: Iteration 8500. Start evaluation of training data.
[17:27:29] INFO L:108-log_metrics: Start train Logs at iteration 8500
[17:27:50] INFO L:193-main: Iteration 8500. Start evaluation of validation data.
[17:27:54] INFO L:108-log_metrics: Start validation Logs at iteration 8500
[17:28:03] TRAINING L:313-<module>: Iteration: 8500 - TLoss: 2.59E-01 VLoss: 2.50E-01
[17:28:03] TRAINING L:313-<module>: T-It: 8505 - LR: 0.00025/[0.00025] - batch loss: 2.46E-01
[17:28:04] TRAINING L:313-<module>: T-It: 8510 - LR: 0.00025/[0.00025] - batch loss: 2.47E-01
[17:28:04] TRAINING L:313-<module>: T-It: 8515 - LR: 0.00025/[0.00025] - batch loss: 2.51E-01
[17:28:04] TRAINING L:313-<module>: T-It: 8520 - LR: 0.00025/[0.00025] - batch loss: 2.47E-01
[17:28:04] TRAINING L:313-<module>: T-It: 8525 - LR: 0.00025/[0.00025] - batch loss: 2.47E-01
[17:28:05] TRAINING L:313-<module>: T-It: 8530 - LR: 0.00025/[0.00025] - batch loss: 2.39E-01
[17:28:05] TRAINING L:313-<module>: T-It: 8535 - LR: 0.00025/[0.00025] - batch loss: 2.46E-01
[17:28:05] TRAINING L:313-<module>: T-It: 8540 - LR: 0.00025/[0.00025] - batch loss: 2.42E-01
[17:28:05] TRAINING L:313-<module>: T-It: 8545 - LR: 0.00025/[0.00025] - batch loss: 2.42E-01
[17:28:06] TRAINING L:313-<module>: T-It: 8550 - LR: 0.00025/[0.00025] - batch loss: 2.51E-01
[17:28:06] TRAINING L:313-<module>: T-It: 8555 - LR: 0.00025/[0.00025] - batch loss: 2.47E-01
[17:28:06] TRAINING L:313-<module>: T-It: 8560 - LR: 0.00025/[0.00025] - batch loss: 2.44E-01
[17:28:06] TRAINING L:313-<module>: T-It: 8565 - LR: 0.00025/[0.00025] - batch loss: 2.46E-01
[17:28:06] TRAINING L:313-<module>: T-It: 8570 - LR: 0.00025/[0.00025] - batch loss: 2.42E-01
[17:28:07] TRAINING L:313-<module>: T-It: 8575 - LR: 0.00025/[0.00025] - batch loss: 2.46E-01
[17:28:07] TRAINING L:313-<module>: T-It: 8580 - LR: 0.00025/[0.00025] - batch loss: 2.42E-01
[17:28:07] TRAINING L:313-<module>: T-It: 8585 - LR: 0.00025/[0.00025] - batch loss: 2.41E-01
[17:28:07] TRAINING L:313-<module>: T-It: 8590 - LR: 0.00025/[0.00025] - batch loss: 2.43E-01
[17:28:08] TRAINING L:313-<module>: T-It: 8595 - LR: 0.00025/[0.00025] - batch loss: 2.46E-01
[17:28:08] TRAINING L:313-<module>: T-It: 8600 - LR: 0.00025/[0.00025] - batch loss: 2.48E-01
[17:28:08] INFO L:193-main: Iteration 8600. Start evaluation of validation data.
[17:28:12] INFO L:108-log_metrics: Start validation Logs at iteration 8600
[17:28:21] TRAINING L:313-<module>: Iteration: 8600 - TLoss: 2.59E-01 VLoss: 2.60E-01
[17:28:21] TRAINING L:313-<module>: T-It: 8605 - LR: 0.00025/[0.00025] - batch loss: 2.46E-01
[17:28:21] TRAINING L:313-<module>: T-It: 8610 - LR: 0.00025/[0.00025] - batch loss: 2.48E-01
[17:28:21] TRAINING L:313-<module>: T-It: 8615 - LR: 0.00025/[0.00025] - batch loss: 2.47E-01
[17:28:22] TRAINING L:313-<module>: T-It: 8620 - LR: 0.00025/[0.00025] - batch loss: 2.47E-01
[17:28:22] TRAINING L:313-<module>: T-It: 8625 - LR: 0.00025/[0.00025] - batch loss: 2.44E-01
[17:28:22] TRAINING L:313-<module>: T-It: 8630 - LR: 0.00025/[0.00025] - batch loss: 2.45E-01
[17:28:22] TRAINING L:313-<module>: T-It: 8635 - LR: 0.00025/[0.00025] - batch loss: 2.46E-01
[17:28:23] TRAINING L:313-<module>: T-It: 8640 - LR: 0.00025/[0.00025] - batch loss: 2.43E-01
[17:28:23] TRAINING L:313-<module>: T-It: 8645 - LR: 0.00025/[0.00025] - batch loss: 2.46E-01
[17:28:23] TRAINING L:313-<module>: T-It: 8650 - LR: 0.00025/[0.00025] - batch loss: 2.44E-01
[17:28:23] TRAINING L:313-<module>: T-It: 8655 - LR: 0.00025/[0.00025] - batch loss: 2.44E-01
[17:28:24] TRAINING L:313-<module>: T-It: 8660 - LR: 0.00025/[0.00025] - batch loss: 2.43E-01
[17:28:24] TRAINING L:313-<module>: T-It: 8665 - LR: 0.00025/[0.00025] - batch loss: 2.44E-01
[17:28:24] TRAINING L:313-<module>: T-It: 8670 - LR: 0.00025/[0.00025] - batch loss: 2.38E-01
[17:28:25] TRAINING L:313-<module>: T-It: 8675 - LR: 0.00025/[0.00025] - batch loss: 2.44E-01
[17:28:25] TRAINING L:313-<module>: T-It: 8680 - LR: 0.00025/[0.00025] - batch loss: 2.47E-01
[17:28:25] TRAINING L:313-<module>: T-It: 8685 - LR: 0.00025/[0.00025] - batch loss: 2.44E-01
[17:28:25] TRAINING L:313-<module>: T-It: 8690 - LR: 0.00025/[0.00025] - batch loss: 2.41E-01
[17:28:26] TRAINING L:313-<module>: T-It: 8695 - LR: 0.00025/[0.00025] - batch loss: 2.44E-01
[17:28:26] TRAINING L:313-<module>: T-It: 8700 - LR: 0.00025/[0.00025] - batch loss: 2.45E-01
[17:28:26] INFO L:193-main: Iteration 8700. Start evaluation of validation data.
[17:28:30] INFO L:108-log_metrics: Start validation Logs at iteration 8700
[17:28:39] TRAINING L:313-<module>: Iteration: 8700 - TLoss: 2.59E-01 VLoss: 2.66E-01
[17:28:39] TRAINING L:313-<module>: T-It: 8705 - LR: 0.00025/[0.00025] - batch loss: 2.39E-01
[17:28:39] TRAINING L:313-<module>: T-It: 8710 - LR: 0.00025/[0.00025] - batch loss: 2.46E-01
[17:28:40] TRAINING L:313-<module>: T-It: 8715 - LR: 0.00025/[0.00025] - batch loss: 2.46E-01
[17:28:40] TRAINING L:313-<module>: T-It: 8720 - LR: 0.00025/[0.00025] - batch loss: 2.46E-01
[17:28:40] TRAINING L:313-<module>: T-It: 8725 - LR: 0.00025/[0.00025] - batch loss: 2.49E-01
[17:28:40] TRAINING L:313-<module>: T-It: 8730 - LR: 0.00025/[0.00025] - batch loss: 2.42E-01
[17:28:41] TRAINING L:313-<module>: T-It: 8735 - LR: 0.00025/[0.00025] - batch loss: 2.48E-01
[17:28:41] TRAINING L:313-<module>: T-It: 8740 - LR: 0.00025/[0.00025] - batch loss: 2.40E-01
[17:28:41] TRAINING L:313-<module>: T-It: 8745 - LR: 0.00025/[0.00025] - batch loss: 2.42E-01
[17:28:41] TRAINING L:313-<module>: T-It: 8750 - LR: 0.00025/[0.00025] - batch loss: 2.45E-01
[17:28:42] TRAINING L:313-<module>: T-It: 8755 - LR: 0.00025/[0.00025] - batch loss: 2.41E-01
[17:28:42] TRAINING L:313-<module>: T-It: 8760 - LR: 0.00025/[0.00025] - batch loss: 2.41E-01
[17:28:42] TRAINING L:313-<module>: T-It: 8765 - LR: 0.00025/[0.00025] - batch loss: 2.44E-01
[17:28:42] TRAINING L:313-<module>: T-It: 8770 - LR: 0.00025/[0.00025] - batch loss: 2.46E-01
[17:28:43] TRAINING L:313-<module>: T-It: 8775 - LR: 0.00025/[0.00025] - batch loss: 2.44E-01
[17:28:43] TRAINING L:313-<module>: T-It: 8780 - LR: 0.00025/[0.00025] - batch loss: 2.45E-01
[17:28:43] TRAINING L:313-<module>: T-It: 8785 - LR: 0.00025/[0.00025] - batch loss: 2.51E-01
[17:28:43] TRAINING L:313-<module>: T-It: 8790 - LR: 0.00025/[0.00025] - batch loss: 2.42E-01
[17:28:44] TRAINING L:313-<module>: T-It: 8795 - LR: 0.00025/[0.00025] - batch loss: 2.46E-01
[17:28:44] TRAINING L:313-<module>: T-It: 8800 - LR: 0.00025/[0.00025] - batch loss: 2.43E-01
[17:28:44] INFO L:193-main: Iteration 8800. Start evaluation of validation data.
[17:28:48] INFO L:108-log_metrics: Start validation Logs at iteration 8800
[17:28:57] TRAINING L:313-<module>: Iteration: 8800 - TLoss: 2.59E-01 VLoss: 2.53E-01
[17:28:57] TRAINING L:313-<module>: T-It: 8805 - LR: 0.00025/[0.00025] - batch loss: 2.40E-01
[17:28:57] TRAINING L:313-<module>: T-It: 8810 - LR: 0.00025/[0.00025] - batch loss: 2.50E-01
[17:28:57] TRAINING L:313-<module>: T-It: 8815 - LR: 0.00025/[0.00025] - batch loss: 2.37E-01
[17:28:58] TRAINING L:313-<module>: T-It: 8820 - LR: 0.00025/[0.00025] - batch loss: 2.42E-01
[17:28:58] TRAINING L:313-<module>: T-It: 8825 - LR: 0.00025/[0.00025] - batch loss: 2.46E-01
[17:28:58] TRAINING L:313-<module>: T-It: 8830 - LR: 0.00025/[0.00025] - batch loss: 2.46E-01
[17:28:58] TRAINING L:313-<module>: T-It: 8835 - LR: 0.00025/[0.00025] - batch loss: 2.46E-01
[17:28:59] TRAINING L:313-<module>: T-It: 8840 - LR: 0.00025/[0.00025] - batch loss: 2.45E-01
[17:28:59] TRAINING L:313-<module>: T-It: 8845 - LR: 0.00025/[0.00025] - batch loss: 2.42E-01
[17:28:59] TRAINING L:313-<module>: T-It: 8850 - LR: 0.00025/[0.00025] - batch loss: 2.44E-01
[17:28:59] TRAINING L:313-<module>: T-It: 8855 - LR: 0.00025/[0.00025] - batch loss: 2.42E-01
[17:29:00] TRAINING L:313-<module>: T-It: 8860 - LR: 0.00025/[0.00025] - batch loss: 2.43E-01
[17:29:00] TRAINING L:313-<module>: T-It: 8865 - LR: 0.00025/[0.00025] - batch loss: 2.42E-01
[17:29:00] TRAINING L:313-<module>: T-It: 8870 - LR: 0.00025/[0.00025] - batch loss: 2.42E-01
[17:29:00] TRAINING L:313-<module>: T-It: 8875 - LR: 0.00025/[0.00025] - batch loss: 2.47E-01
[17:29:01] TRAINING L:313-<module>: T-It: 8880 - LR: 0.00025/[0.00025] - batch loss: 2.46E-01
[17:29:01] TRAINING L:313-<module>: T-It: 8885 - LR: 0.00025/[0.00025] - batch loss: 2.44E-01
[17:29:01] TRAINING L:313-<module>: T-It: 8890 - LR: 0.00025/[0.00025] - batch loss: 2.46E-01
[17:29:01] TRAINING L:313-<module>: T-It: 8895 - LR: 0.00025/[0.00025] - batch loss: 2.46E-01
[17:29:02] TRAINING L:313-<module>: T-It: 8900 - LR: 0.00025/[0.00025] - batch loss: 2.44E-01
[17:29:02] INFO L:193-main: Iteration 8900. Start evaluation of validation data.
[17:29:06] INFO L:108-log_metrics: Start validation Logs at iteration 8900
[17:29:14] TRAINING L:313-<module>: Iteration: 8900 - TLoss: 2.59E-01 VLoss: 2.63E-01
[17:29:15] TRAINING L:313-<module>: T-It: 8905 - LR: 0.00025/[0.00025] - batch loss: 2.46E-01
[17:29:15] TRAINING L:313-<module>: T-It: 8910 - LR: 0.00025/[0.00025] - batch loss: 2.40E-01
[17:29:15] TRAINING L:313-<module>: T-It: 8915 - LR: 0.00025/[0.00025] - batch loss: 2.49E-01
[17:29:15] TRAINING L:313-<module>: T-It: 8920 - LR: 0.00025/[0.00025] - batch loss: 2.42E-01
[17:29:16] TRAINING L:313-<module>: T-It: 8925 - LR: 0.00025/[0.00025] - batch loss: 2.45E-01
[17:29:16] TRAINING L:313-<module>: T-It: 8930 - LR: 0.00025/[0.00025] - batch loss: 2.48E-01
[17:29:16] TRAINING L:313-<module>: T-It: 8935 - LR: 0.00025/[0.00025] - batch loss: 2.54E-01
[17:29:16] TRAINING L:313-<module>: T-It: 8940 - LR: 0.00025/[0.00025] - batch loss: 2.47E-01
[17:29:17] TRAINING L:313-<module>: T-It: 8945 - LR: 0.00025/[0.00025] - batch loss: 2.47E-01
[17:29:17] TRAINING L:313-<module>: T-It: 8950 - LR: 0.00025/[0.00025] - batch loss: 2.47E-01
[17:29:17] TRAINING L:313-<module>: T-It: 8955 - LR: 0.00025/[0.00025] - batch loss: 2.42E-01
[17:29:17] TRAINING L:313-<module>: T-It: 8960 - LR: 0.00025/[0.00025] - batch loss: 2.43E-01
[17:29:18] TRAINING L:313-<module>: T-It: 8965 - LR: 0.00025/[0.00025] - batch loss: 2.42E-01
[17:29:18] TRAINING L:313-<module>: T-It: 8970 - LR: 0.00025/[0.00025] - batch loss: 2.44E-01
[17:29:18] TRAINING L:313-<module>: T-It: 8975 - LR: 0.00025/[0.00025] - batch loss: 2.45E-01
[17:29:18] TRAINING L:313-<module>: T-It: 8980 - LR: 0.00025/[0.00025] - batch loss: 2.43E-01
[17:29:18] TRAINING L:313-<module>: T-It: 8985 - LR: 0.00025/[0.00025] - batch loss: 2.43E-01
[17:29:19] TRAINING L:313-<module>: T-It: 8990 - LR: 0.00025/[0.00025] - batch loss: 2.47E-01
[17:29:19] TRAINING L:313-<module>: T-It: 8995 - LR: 0.00025/[0.00025] - batch loss: 2.45E-01
[17:29:19] TRAINING L:313-<module>: T-It: 9000 - LR: 0.00025/[0.00025] - batch loss: 2.43E-01
[17:29:19] INFO L:146-main: Iteration 9000. Start evaluation of training data.
[17:29:32] INFO L:108-log_metrics: Start train Logs at iteration 9000
[17:29:53] INFO L:193-main: Iteration 9000. Start evaluation of validation data.
[17:29:57] INFO L:108-log_metrics: Start validation Logs at iteration 9000
[17:30:05] TRAINING L:313-<module>: Iteration: 9000 - TLoss: 2.63E-01 VLoss: 2.52E-01
[17:30:06] TRAINING L:313-<module>: T-It: 9005 - LR: 0.00025/[0.00025] - batch loss: 2.44E-01
[17:30:06] TRAINING L:313-<module>: T-It: 9010 - LR: 0.00025/[0.00025] - batch loss: 2.45E-01
[17:30:06] TRAINING L:313-<module>: T-It: 9015 - LR: 0.00025/[0.00025] - batch loss: 2.41E-01
[17:30:06] TRAINING L:313-<module>: T-It: 9020 - LR: 0.00025/[0.00025] - batch loss: 2.43E-01
[17:30:06] TRAINING L:313-<module>: T-It: 9025 - LR: 0.00025/[0.00025] - batch loss: 2.44E-01
[17:30:07] TRAINING L:313-<module>: T-It: 9030 - LR: 0.00025/[0.00025] - batch loss: 2.42E-01
[17:30:07] TRAINING L:313-<module>: T-It: 9035 - LR: 0.00025/[0.00025] - batch loss: 2.45E-01
[17:30:07] TRAINING L:313-<module>: T-It: 9040 - LR: 0.00025/[0.00025] - batch loss: 2.47E-01
[17:30:07] TRAINING L:313-<module>: T-It: 9045 - LR: 0.00025/[0.00025] - batch loss: 2.40E-01
[17:30:08] TRAINING L:313-<module>: T-It: 9050 - LR: 0.00025/[0.00025] - batch loss: 2.43E-01
[17:30:08] TRAINING L:313-<module>: T-It: 9055 - LR: 0.00025/[0.00025] - batch loss: 2.47E-01
[17:30:08] TRAINING L:313-<module>: T-It: 9060 - LR: 0.00025/[0.00025] - batch loss: 2.44E-01
[17:30:08] TRAINING L:313-<module>: T-It: 9065 - LR: 0.00025/[0.00025] - batch loss: 2.46E-01
[17:30:09] TRAINING L:313-<module>: T-It: 9070 - LR: 0.00025/[0.00025] - batch loss: 2.37E-01
[17:30:09] TRAINING L:313-<module>: T-It: 9075 - LR: 0.00025/[0.00025] - batch loss: 2.45E-01
[17:30:09] TRAINING L:313-<module>: T-It: 9080 - LR: 0.00025/[0.00025] - batch loss: 2.42E-01
[17:30:09] TRAINING L:313-<module>: T-It: 9085 - LR: 0.00025/[0.00025] - batch loss: 2.49E-01
[17:30:10] TRAINING L:313-<module>: T-It: 9090 - LR: 0.00025/[0.00025] - batch loss: 2.46E-01
[17:30:10] TRAINING L:313-<module>: T-It: 9095 - LR: 0.00025/[0.00025] - batch loss: 2.44E-01
[17:30:10] TRAINING L:313-<module>: T-It: 9100 - LR: 0.00025/[0.00025] - batch loss: 2.42E-01
[17:30:10] INFO L:193-main: Iteration 9100. Start evaluation of validation data.
[17:30:14] INFO L:108-log_metrics: Start validation Logs at iteration 9100
[17:30:23] TRAINING L:313-<module>: Iteration: 9100 - TLoss: 2.63E-01 VLoss: 2.65E-01
[17:30:23] TRAINING L:313-<module>: T-It: 9105 - LR: 0.00025/[0.00025] - batch loss: 2.46E-01
[17:30:24] TRAINING L:313-<module>: T-It: 9110 - LR: 0.00025/[0.00025] - batch loss: 2.45E-01
[17:30:24] TRAINING L:313-<module>: T-It: 9115 - LR: 0.00025/[0.00025] - batch loss: 2.39E-01
[17:30:24] TRAINING L:313-<module>: T-It: 9120 - LR: 0.00025/[0.00025] - batch loss: 2.44E-01
[17:30:24] TRAINING L:313-<module>: T-It: 9125 - LR: 0.00025/[0.00025] - batch loss: 2.39E-01
[17:30:25] TRAINING L:313-<module>: T-It: 9130 - LR: 0.00025/[0.00025] - batch loss: 2.42E-01
[17:30:25] TRAINING L:313-<module>: T-It: 9135 - LR: 0.00025/[0.00025] - batch loss: 2.41E-01
[17:30:25] TRAINING L:313-<module>: T-It: 9140 - LR: 0.00025/[0.00025] - batch loss: 2.40E-01
[17:30:25] TRAINING L:313-<module>: T-It: 9145 - LR: 0.00025/[0.00025] - batch loss: 2.45E-01
[17:30:26] TRAINING L:313-<module>: T-It: 9150 - LR: 0.00025/[0.00025] - batch loss: 2.42E-01
[17:30:26] TRAINING L:313-<module>: T-It: 9155 - LR: 0.00025/[0.00025] - batch loss: 2.43E-01
[17:30:26] TRAINING L:313-<module>: T-It: 9160 - LR: 0.00025/[0.00025] - batch loss: 2.47E-01
[17:30:26] TRAINING L:313-<module>: T-It: 9165 - LR: 0.00025/[0.00025] - batch loss: 2.44E-01
[17:30:27] TRAINING L:313-<module>: T-It: 9170 - LR: 0.00025/[0.00025] - batch loss: 2.45E-01
[17:30:27] TRAINING L:313-<module>: T-It: 9175 - LR: 0.00025/[0.00025] - batch loss: 2.42E-01
[17:30:27] TRAINING L:313-<module>: T-It: 9180 - LR: 0.00025/[0.00025] - batch loss: 2.47E-01
[17:30:27] TRAINING L:313-<module>: T-It: 9185 - LR: 0.00025/[0.00025] - batch loss: 2.41E-01
[17:30:28] TRAINING L:313-<module>: T-It: 9190 - LR: 0.00025/[0.00025] - batch loss: 2.46E-01
[17:30:28] TRAINING L:313-<module>: T-It: 9195 - LR: 0.00025/[0.00025] - batch loss: 2.47E-01
[17:30:28] TRAINING L:313-<module>: T-It: 9200 - LR: 0.00025/[0.00025] - batch loss: 2.43E-01
[17:30:28] INFO L:193-main: Iteration 9200. Start evaluation of validation data.
[17:30:32] INFO L:108-log_metrics: Start validation Logs at iteration 9200
[17:30:41] TRAINING L:313-<module>: Iteration: 9200 - TLoss: 2.63E-01 VLoss: 2.57E-01
[17:30:41] TRAINING L:313-<module>: T-It: 9205 - LR: 0.00025/[0.00025] - batch loss: 2.41E-01
[17:30:41] TRAINING L:313-<module>: T-It: 9210 - LR: 0.00025/[0.00025] - batch loss: 2.50E-01
[17:30:42] TRAINING L:313-<module>: T-It: 9215 - LR: 0.00025/[0.00025] - batch loss: 2.44E-01
[17:30:42] TRAINING L:313-<module>: T-It: 9220 - LR: 0.00025/[0.00025] - batch loss: 2.46E-01
[17:30:42] TRAINING L:313-<module>: T-It: 9225 - LR: 0.00025/[0.00025] - batch loss: 2.48E-01
[17:30:42] TRAINING L:313-<module>: T-It: 9230 - LR: 0.00025/[0.00025] - batch loss: 2.40E-01
[17:30:43] TRAINING L:313-<module>: T-It: 9235 - LR: 0.00025/[0.00025] - batch loss: 2.48E-01
[17:30:43] TRAINING L:313-<module>: T-It: 9240 - LR: 0.00025/[0.00025] - batch loss: 2.41E-01
[17:30:43] TRAINING L:313-<module>: T-It: 9245 - LR: 0.00025/[0.00025] - batch loss: 2.37E-01
[17:30:44] TRAINING L:313-<module>: T-It: 9250 - LR: 0.00025/[0.00025] - batch loss: 2.40E-01
[17:30:44] TRAINING L:313-<module>: T-It: 9255 - LR: 0.00025/[0.00025] - batch loss: 2.43E-01
[17:30:44] TRAINING L:313-<module>: T-It: 9260 - LR: 0.00025/[0.00025] - batch loss: 2.43E-01
[17:30:44] TRAINING L:313-<module>: T-It: 9265 - LR: 0.00025/[0.00025] - batch loss: 2.46E-01
[17:30:45] TRAINING L:313-<module>: T-It: 9270 - LR: 0.00025/[0.00025] - batch loss: 2.47E-01
[17:30:45] TRAINING L:313-<module>: T-It: 9275 - LR: 0.00025/[0.00025] - batch loss: 2.44E-01
[17:30:45] TRAINING L:313-<module>: T-It: 9280 - LR: 0.00025/[0.00025] - batch loss: 2.42E-01
[17:30:45] TRAINING L:313-<module>: T-It: 9285 - LR: 0.00025/[0.00025] - batch loss: 2.40E-01
[17:30:45] TRAINING L:313-<module>: T-It: 9290 - LR: 0.00025/[0.00025] - batch loss: 2.41E-01
[17:30:46] TRAINING L:313-<module>: T-It: 9295 - LR: 0.00025/[0.00025] - batch loss: 2.49E-01
[17:30:46] TRAINING L:313-<module>: T-It: 9300 - LR: 0.00025/[0.00025] - batch loss: 2.39E-01
[17:30:46] INFO L:193-main: Iteration 9300. Start evaluation of validation data.
[17:30:50] INFO L:108-log_metrics: Start validation Logs at iteration 9300
[17:30:59] TRAINING L:313-<module>: Iteration: 9300 - TLoss: 2.63E-01 VLoss: 2.56E-01
[17:30:59] TRAINING L:313-<module>: T-It: 9305 - LR: 0.00025/[0.00025] - batch loss: 2.44E-01
[17:31:00] TRAINING L:313-<module>: T-It: 9310 - LR: 0.00025/[0.00025] - batch loss: 2.54E-01
[17:31:00] TRAINING L:313-<module>: T-It: 9315 - LR: 0.00025/[0.00025] - batch loss: 2.41E-01
[17:31:00] TRAINING L:313-<module>: T-It: 9320 - LR: 0.00025/[0.00025] - batch loss: 2.45E-01
[17:31:00] TRAINING L:313-<module>: T-It: 9325 - LR: 0.00025/[0.00025] - batch loss: 2.41E-01
[17:31:00] TRAINING L:313-<module>: T-It: 9330 - LR: 0.00025/[0.00025] - batch loss: 2.44E-01
[17:31:01] TRAINING L:313-<module>: T-It: 9335 - LR: 0.00025/[0.00025] - batch loss: 2.42E-01
[17:31:01] TRAINING L:313-<module>: T-It: 9340 - LR: 0.00025/[0.00025] - batch loss: 2.39E-01
[17:31:01] TRAINING L:313-<module>: T-It: 9345 - LR: 0.00025/[0.00025] - batch loss: 2.45E-01
[17:31:01] TRAINING L:313-<module>: T-It: 9350 - LR: 0.00025/[0.00025] - batch loss: 2.43E-01
[17:31:02] TRAINING L:313-<module>: T-It: 9355 - LR: 0.00025/[0.00025] - batch loss: 2.42E-01
[17:31:02] TRAINING L:313-<module>: T-It: 9360 - LR: 0.00025/[0.00025] - batch loss: 2.43E-01
[17:31:02] TRAINING L:313-<module>: T-It: 9365 - LR: 0.00025/[0.00025] - batch loss: 2.46E-01
[17:31:02] TRAINING L:313-<module>: T-It: 9370 - LR: 0.00025/[0.00025] - batch loss: 2.45E-01
[17:31:03] TRAINING L:313-<module>: T-It: 9375 - LR: 0.00025/[0.00025] - batch loss: 2.41E-01
[17:31:03] TRAINING L:313-<module>: T-It: 9380 - LR: 0.00025/[0.00025] - batch loss: 2.42E-01
[17:31:03] TRAINING L:313-<module>: T-It: 9385 - LR: 0.00025/[0.00025] - batch loss: 2.43E-01
[17:31:03] TRAINING L:313-<module>: T-It: 9390 - LR: 0.00025/[0.00025] - batch loss: 2.43E-01
[17:31:04] TRAINING L:313-<module>: T-It: 9395 - LR: 0.00025/[0.00025] - batch loss: 2.37E-01
[17:31:04] TRAINING L:313-<module>: T-It: 9400 - LR: 0.00025/[0.00025] - batch loss: 2.43E-01
[17:31:04] INFO L:193-main: Iteration 9400. Start evaluation of validation data.
[17:31:08] INFO L:108-log_metrics: Start validation Logs at iteration 9400
[17:31:17] TRAINING L:313-<module>: Iteration: 9400 - TLoss: 2.63E-01 VLoss: 2.64E-01
[17:31:17] TRAINING L:313-<module>: T-It: 9405 - LR: 0.00025/[0.00025] - batch loss: 2.43E-01
[17:31:18] TRAINING L:313-<module>: T-It: 9410 - LR: 0.00025/[0.00025] - batch loss: 2.44E-01
[17:31:18] TRAINING L:313-<module>: T-It: 9415 - LR: 0.00025/[0.00025] - batch loss: 2.48E-01
[17:31:18] TRAINING L:313-<module>: T-It: 9420 - LR: 0.00025/[0.00025] - batch loss: 2.44E-01
[17:31:18] TRAINING L:313-<module>: T-It: 9425 - LR: 0.00025/[0.00025] - batch loss: 2.38E-01
[17:31:19] TRAINING L:313-<module>: T-It: 9430 - LR: 0.00025/[0.00025] - batch loss: 2.46E-01
[17:31:19] TRAINING L:313-<module>: T-It: 9435 - LR: 0.00025/[0.00025] - batch loss: 2.44E-01
[17:31:19] TRAINING L:313-<module>: T-It: 9440 - LR: 0.00025/[0.00025] - batch loss: 2.44E-01
[17:31:19] TRAINING L:313-<module>: T-It: 9445 - LR: 0.00025/[0.00025] - batch loss: 2.41E-01
[17:31:20] TRAINING L:313-<module>: T-It: 9450 - LR: 0.00025/[0.00025] - batch loss: 2.48E-01
[17:31:20] TRAINING L:313-<module>: T-It: 9455 - LR: 0.00025/[0.00025] - batch loss: 2.44E-01
[17:31:20] TRAINING L:313-<module>: T-It: 9460 - LR: 0.00025/[0.00025] - batch loss: 2.43E-01
[17:31:20] TRAINING L:313-<module>: T-It: 9465 - LR: 0.00025/[0.00025] - batch loss: 2.43E-01
[17:31:21] TRAINING L:313-<module>: T-It: 9470 - LR: 0.00025/[0.00025] - batch loss: 2.49E-01
[17:31:21] TRAINING L:313-<module>: T-It: 9475 - LR: 0.00025/[0.00025] - batch loss: 2.42E-01
[17:31:21] TRAINING L:313-<module>: T-It: 9480 - LR: 0.00025/[0.00025] - batch loss: 2.51E-01
[17:31:21] TRAINING L:313-<module>: T-It: 9485 - LR: 0.00025/[0.00025] - batch loss: 2.39E-01
[17:31:21] TRAINING L:313-<module>: T-It: 9490 - LR: 0.00025/[0.00025] - batch loss: 2.39E-01
[17:31:22] TRAINING L:313-<module>: T-It: 9495 - LR: 0.00025/[0.00025] - batch loss: 2.41E-01
[17:31:22] TRAINING L:313-<module>: T-It: 9500 - LR: 0.00025/[0.00025] - batch loss: 2.43E-01
[17:31:22] INFO L:146-main: Iteration 9500. Start evaluation of training data.
[17:31:34] INFO L:108-log_metrics: Start train Logs at iteration 9500
[17:31:55] INFO L:193-main: Iteration 9500. Start evaluation of validation data.
[17:31:59] INFO L:108-log_metrics: Start validation Logs at iteration 9500
[17:32:08] TRAINING L:313-<module>: Iteration: 9500 - TLoss: 2.66E-01 VLoss: 2.55E-01
[17:32:08] TRAINING L:313-<module>: T-It: 9505 - LR: 0.00025/[0.00025] - batch loss: 2.42E-01
[17:32:09] TRAINING L:313-<module>: T-It: 9510 - LR: 0.00025/[0.00025] - batch loss: 2.45E-01
[17:32:09] TRAINING L:313-<module>: T-It: 9515 - LR: 0.00025/[0.00025] - batch loss: 2.48E-01
[17:32:09] TRAINING L:313-<module>: T-It: 9520 - LR: 0.00025/[0.00025] - batch loss: 2.40E-01
[17:32:09] TRAINING L:313-<module>: T-It: 9525 - LR: 0.00025/[0.00025] - batch loss: 2.42E-01
[17:32:10] TRAINING L:313-<module>: T-It: 9530 - LR: 0.00025/[0.00025] - batch loss: 2.41E-01
[17:32:10] TRAINING L:313-<module>: T-It: 9535 - LR: 0.00025/[0.00025] - batch loss: 2.39E-01
[17:32:10] TRAINING L:313-<module>: T-It: 9540 - LR: 0.00025/[0.00025] - batch loss: 2.45E-01
[17:32:10] TRAINING L:313-<module>: T-It: 9545 - LR: 0.00025/[0.00025] - batch loss: 2.39E-01
[17:32:11] TRAINING L:313-<module>: T-It: 9550 - LR: 0.00025/[0.00025] - batch loss: 2.41E-01
[17:32:11] TRAINING L:313-<module>: T-It: 9555 - LR: 0.00025/[0.00025] - batch loss: 2.48E-01
[17:32:11] TRAINING L:313-<module>: T-It: 9560 - LR: 0.00025/[0.00025] - batch loss: 2.44E-01
[17:32:11] TRAINING L:313-<module>: T-It: 9565 - LR: 0.00025/[0.00025] - batch loss: 2.47E-01
[17:32:12] TRAINING L:313-<module>: T-It: 9570 - LR: 0.00025/[0.00025] - batch loss: 2.46E-01
[17:32:12] TRAINING L:313-<module>: T-It: 9575 - LR: 0.00025/[0.00025] - batch loss: 2.43E-01
[17:32:12] TRAINING L:313-<module>: T-It: 9580 - LR: 0.00025/[0.00025] - batch loss: 2.38E-01
[17:32:12] TRAINING L:313-<module>: T-It: 9585 - LR: 0.00025/[0.00025] - batch loss: 2.45E-01
[17:32:13] TRAINING L:313-<module>: T-It: 9590 - LR: 0.00025/[0.00025] - batch loss: 2.42E-01
[17:32:13] TRAINING L:313-<module>: T-It: 9595 - LR: 0.00025/[0.00025] - batch loss: 2.46E-01
[17:32:13] TRAINING L:313-<module>: T-It: 9600 - LR: 0.00025/[0.00025] - batch loss: 2.41E-01
[17:32:13] INFO L:193-main: Iteration 9600. Start evaluation of validation data.
[17:32:17] INFO L:108-log_metrics: Start validation Logs at iteration 9600
[17:32:25] TRAINING L:313-<module>: Iteration: 9600 - TLoss: 2.66E-01 VLoss: 2.53E-01
[17:32:26] TRAINING L:313-<module>: T-It: 9605 - LR: 0.00025/[0.00025] - batch loss: 2.43E-01
[17:32:26] TRAINING L:313-<module>: T-It: 9610 - LR: 0.00025/[0.00025] - batch loss: 2.41E-01
[17:32:26] TRAINING L:313-<module>: T-It: 9615 - LR: 0.00025/[0.00025] - batch loss: 2.43E-01
[17:32:26] TRAINING L:313-<module>: T-It: 9620 - LR: 0.00025/[0.00025] - batch loss: 2.47E-01
[17:32:27] TRAINING L:313-<module>: T-It: 9625 - LR: 0.00025/[0.00025] - batch loss: 2.36E-01
[17:32:27] TRAINING L:313-<module>: T-It: 9630 - LR: 0.00025/[0.00025] - batch loss: 2.45E-01
[17:32:27] TRAINING L:313-<module>: T-It: 9635 - LR: 0.00025/[0.00025] - batch loss: 2.43E-01
[17:32:28] TRAINING L:313-<module>: T-It: 9640 - LR: 0.00025/[0.00025] - batch loss: 2.46E-01
[17:32:28] TRAINING L:313-<module>: T-It: 9645 - LR: 0.00025/[0.00025] - batch loss: 2.45E-01
[17:32:28] TRAINING L:313-<module>: T-It: 9650 - LR: 0.00025/[0.00025] - batch loss: 2.38E-01
[17:32:28] TRAINING L:313-<module>: T-It: 9655 - LR: 0.00025/[0.00025] - batch loss: 2.42E-01
[17:32:29] TRAINING L:313-<module>: T-It: 9660 - LR: 0.00025/[0.00025] - batch loss: 2.40E-01
[17:32:29] TRAINING L:313-<module>: T-It: 9665 - LR: 0.00025/[0.00025] - batch loss: 2.43E-01
[17:32:29] TRAINING L:313-<module>: T-It: 9670 - LR: 0.00025/[0.00025] - batch loss: 2.40E-01
[17:32:29] TRAINING L:313-<module>: T-It: 9675 - LR: 0.00025/[0.00025] - batch loss: 2.42E-01
[17:32:29] TRAINING L:313-<module>: T-It: 9680 - LR: 0.00025/[0.00025] - batch loss: 2.45E-01
[17:32:30] TRAINING L:313-<module>: T-It: 9685 - LR: 0.00025/[0.00025] - batch loss: 2.42E-01
[17:32:30] TRAINING L:313-<module>: T-It: 9690 - LR: 0.00025/[0.00025] - batch loss: 2.42E-01
[17:32:30] TRAINING L:313-<module>: T-It: 9695 - LR: 0.00025/[0.00025] - batch loss: 2.40E-01
[17:32:30] TRAINING L:313-<module>: T-It: 9700 - LR: 0.00025/[0.00025] - batch loss: 2.43E-01
[17:32:30] INFO L:193-main: Iteration 9700. Start evaluation of validation data.
[17:32:35] INFO L:108-log_metrics: Start validation Logs at iteration 9700
[17:32:43] TRAINING L:313-<module>: Iteration: 9700 - TLoss: 2.66E-01 VLoss: 2.61E-01
[17:32:44] TRAINING L:313-<module>: T-It: 9705 - LR: 0.00025/[0.00025] - batch loss: 2.41E-01
[17:32:44] TRAINING L:313-<module>: T-It: 9710 - LR: 0.00025/[0.00025] - batch loss: 2.39E-01
[17:32:44] TRAINING L:313-<module>: T-It: 9715 - LR: 0.00025/[0.00025] - batch loss: 2.45E-01
[17:32:44] TRAINING L:313-<module>: T-It: 9720 - LR: 0.00025/[0.00025] - batch loss: 2.44E-01
[17:32:45] TRAINING L:313-<module>: T-It: 9725 - LR: 0.00025/[0.00025] - batch loss: 2.45E-01
[17:32:45] TRAINING L:313-<module>: T-It: 9730 - LR: 0.00025/[0.00025] - batch loss: 2.43E-01
[17:32:45] TRAINING L:313-<module>: T-It: 9735 - LR: 0.00025/[0.00025] - batch loss: 2.44E-01
[17:32:45] TRAINING L:313-<module>: T-It: 9740 - LR: 0.00025/[0.00025] - batch loss: 2.48E-01
[17:32:46] TRAINING L:313-<module>: T-It: 9745 - LR: 0.00025/[0.00025] - batch loss: 2.39E-01
[17:32:46] TRAINING L:313-<module>: T-It: 9750 - LR: 0.00025/[0.00025] - batch loss: 2.42E-01
[17:32:46] TRAINING L:313-<module>: T-It: 9755 - LR: 0.00025/[0.00025] - batch loss: 2.41E-01
[17:32:46] TRAINING L:313-<module>: T-It: 9760 - LR: 0.00025/[0.00025] - batch loss: 2.38E-01
[17:32:46] TRAINING L:313-<module>: T-It: 9765 - LR: 0.00025/[0.00025] - batch loss: 2.44E-01
[17:32:47] TRAINING L:313-<module>: T-It: 9770 - LR: 0.00025/[0.00025] - batch loss: 2.43E-01
[17:32:47] TRAINING L:313-<module>: T-It: 9775 - LR: 0.00025/[0.00025] - batch loss: 2.48E-01
[17:32:47] TRAINING L:313-<module>: T-It: 9780 - LR: 0.00025/[0.00025] - batch loss: 2.44E-01
[17:32:47] TRAINING L:313-<module>: T-It: 9785 - LR: 0.00025/[0.00025] - batch loss: 2.40E-01
[17:32:48] TRAINING L:313-<module>: T-It: 9790 - LR: 0.00025/[0.00025] - batch loss: 2.43E-01
[17:32:48] TRAINING L:313-<module>: T-It: 9795 - LR: 0.00025/[0.00025] - batch loss: 2.45E-01
[17:32:48] TRAINING L:313-<module>: T-It: 9800 - LR: 0.00025/[0.00025] - batch loss: 2.45E-01
[17:32:48] INFO L:193-main: Iteration 9800. Start evaluation of validation data.
[17:32:52] INFO L:108-log_metrics: Start validation Logs at iteration 9800
[17:33:01] TRAINING L:313-<module>: Iteration: 9800 - TLoss: 2.66E-01 VLoss: 2.61E-01
[17:33:01] TRAINING L:313-<module>: T-It: 9805 - LR: 0.00025/[0.00025] - batch loss: 2.45E-01
[17:33:02] TRAINING L:313-<module>: T-It: 9810 - LR: 0.00025/[0.00025] - batch loss: 2.44E-01
[17:33:02] TRAINING L:313-<module>: T-It: 9815 - LR: 0.00025/[0.00025] - batch loss: 2.42E-01
[17:33:02] TRAINING L:313-<module>: T-It: 9820 - LR: 0.00025/[0.00025] - batch loss: 2.47E-01
[17:33:02] TRAINING L:313-<module>: T-It: 9825 - LR: 0.00025/[0.00025] - batch loss: 2.42E-01
[17:33:03] TRAINING L:313-<module>: T-It: 9830 - LR: 0.00025/[0.00025] - batch loss: 2.41E-01
[17:33:03] TRAINING L:313-<module>: T-It: 9835 - LR: 0.00025/[0.00025] - batch loss: 2.43E-01
[17:33:03] TRAINING L:313-<module>: T-It: 9840 - LR: 0.00025/[0.00025] - batch loss: 2.43E-01
[17:33:03] TRAINING L:313-<module>: T-It: 9845 - LR: 0.00025/[0.00025] - batch loss: 2.42E-01
[17:33:04] TRAINING L:313-<module>: T-It: 9850 - LR: 0.00025/[0.00025] - batch loss: 2.42E-01
[17:33:04] TRAINING L:313-<module>: T-It: 9855 - LR: 0.00025/[0.00025] - batch loss: 2.49E-01
[17:33:04] TRAINING L:313-<module>: T-It: 9860 - LR: 0.00025/[0.00025] - batch loss: 2.40E-01
[17:33:04] TRAINING L:313-<module>: T-It: 9865 - LR: 0.00025/[0.00025] - batch loss: 2.42E-01
[17:33:05] TRAINING L:313-<module>: T-It: 9870 - LR: 0.00025/[0.00025] - batch loss: 2.41E-01
[17:33:05] TRAINING L:313-<module>: T-It: 9875 - LR: 0.00025/[0.00025] - batch loss: 2.45E-01
[17:33:05] TRAINING L:313-<module>: T-It: 9880 - LR: 0.00025/[0.00025] - batch loss: 2.42E-01
[17:33:05] TRAINING L:313-<module>: T-It: 9885 - LR: 0.00025/[0.00025] - batch loss: 2.45E-01
[17:33:06] TRAINING L:313-<module>: T-It: 9890 - LR: 0.00025/[0.00025] - batch loss: 2.42E-01
[17:33:06] TRAINING L:313-<module>: T-It: 9895 - LR: 0.00025/[0.00025] - batch loss: 2.42E-01
[17:33:06] TRAINING L:313-<module>: T-It: 9900 - LR: 0.00025/[0.00025] - batch loss: 2.45E-01
[17:33:06] INFO L:193-main: Iteration 9900. Start evaluation of validation data.
[17:33:11] INFO L:108-log_metrics: Start validation Logs at iteration 9900
[17:33:20] TRAINING L:313-<module>: Iteration: 9900 - TLoss: 2.66E-01 VLoss: 2.59E-01
[17:33:20] TRAINING L:313-<module>: T-It: 9905 - LR: 0.00025/[0.00025] - batch loss: 2.37E-01
[17:33:20] TRAINING L:313-<module>: T-It: 9910 - LR: 0.00025/[0.00025] - batch loss: 2.42E-01
[17:33:20] TRAINING L:313-<module>: T-It: 9915 - LR: 0.00025/[0.00025] - batch loss: 2.46E-01
[17:33:21] TRAINING L:313-<module>: T-It: 9920 - LR: 0.00025/[0.00025] - batch loss: 2.40E-01
[17:33:21] TRAINING L:313-<module>: T-It: 9925 - LR: 0.00025/[0.00025] - batch loss: 2.49E-01
[17:33:21] TRAINING L:313-<module>: T-It: 9930 - LR: 0.00025/[0.00025] - batch loss: 2.37E-01
[17:33:21] TRAINING L:313-<module>: T-It: 9935 - LR: 0.00025/[0.00025] - batch loss: 2.46E-01
[17:33:21] TRAINING L:313-<module>: T-It: 9940 - LR: 0.00025/[0.00025] - batch loss: 2.44E-01
[17:33:22] TRAINING L:313-<module>: T-It: 9945 - LR: 0.00025/[0.00025] - batch loss: 2.42E-01
[17:33:22] TRAINING L:313-<module>: T-It: 9950 - LR: 0.00025/[0.00025] - batch loss: 2.40E-01
[17:33:22] TRAINING L:313-<module>: T-It: 9955 - LR: 0.00025/[0.00025] - batch loss: 2.42E-01
[17:33:22] TRAINING L:313-<module>: T-It: 9960 - LR: 0.00025/[0.00025] - batch loss: 2.41E-01
[17:33:23] TRAINING L:313-<module>: T-It: 9965 - LR: 0.00025/[0.00025] - batch loss: 2.37E-01
[17:33:23] TRAINING L:313-<module>: T-It: 9970 - LR: 0.00025/[0.00025] - batch loss: 2.42E-01
[17:33:23] TRAINING L:313-<module>: T-It: 9975 - LR: 0.00025/[0.00025] - batch loss: 2.37E-01
[17:33:23] TRAINING L:313-<module>: T-It: 9980 - LR: 0.00025/[0.00025] - batch loss: 2.42E-01
[17:33:24] TRAINING L:313-<module>: T-It: 9985 - LR: 0.00025/[0.00025] - batch loss: 2.48E-01
[17:33:24] TRAINING L:313-<module>: T-It: 9990 - LR: 0.00025/[0.00025] - batch loss: 2.39E-01
[17:33:24] TRAINING L:313-<module>: T-It: 9995 - LR: 0.00025/[0.00025] - batch loss: 2.36E-01
[17:33:24] TRAINING L:313-<module>: T-It: 10000 - LR: 0.00025/[0.00025] - batch loss: 2.38E-01
[17:33:24] INFO L:146-main: Iteration 10000. Start evaluation of training data.
[17:33:37] INFO L:108-log_metrics: Start train Logs at iteration 10000
[17:33:57] INFO L:193-main: Iteration 10000. Start evaluation of validation data.
[17:34:01] INFO L:108-log_metrics: Start validation Logs at iteration 10000
[17:34:10] TRAINING L:313-<module>: Iteration: 10000 - TLoss: 2.73E-01 VLoss: 2.58E-01
[17:34:10] TRAINING L:313-<module>: T-It: 10005 - LR: 0.00025/[0.00025] - batch loss: 2.42E-01
[17:34:11] TRAINING L:313-<module>: T-It: 10010 - LR: 0.00025/[0.00025] - batch loss: 2.44E-01
[17:34:11] TRAINING L:313-<module>: T-It: 10015 - LR: 0.00025/[0.00025] - batch loss: 2.47E-01
[17:34:11] TRAINING L:313-<module>: T-It: 10020 - LR: 0.00025/[0.00025] - batch loss: 2.46E-01
[17:34:11] TRAINING L:313-<module>: T-It: 10025 - LR: 0.00025/[0.00025] - batch loss: 2.39E-01
[17:34:12] TRAINING L:313-<module>: T-It: 10030 - LR: 0.00025/[0.00025] - batch loss: 2.42E-01
[17:34:12] TRAINING L:313-<module>: T-It: 10035 - LR: 0.00025/[0.00025] - batch loss: 2.42E-01
[17:34:12] TRAINING L:313-<module>: T-It: 10040 - LR: 0.00025/[0.00025] - batch loss: 2.45E-01
[17:34:12] TRAINING L:313-<module>: T-It: 10045 - LR: 0.00025/[0.00025] - batch loss: 2.44E-01
[17:34:12] TRAINING L:313-<module>: T-It: 10050 - LR: 0.00025/[0.00025] - batch loss: 2.41E-01
[17:34:13] TRAINING L:313-<module>: T-It: 10055 - LR: 0.00025/[0.00025] - batch loss: 2.44E-01
[17:34:13] TRAINING L:313-<module>: T-It: 10060 - LR: 0.00025/[0.00025] - batch loss: 2.44E-01
[17:34:13] TRAINING L:313-<module>: T-It: 10065 - LR: 0.00025/[0.00025] - batch loss: 2.43E-01
[17:34:13] TRAINING L:313-<module>: T-It: 10070 - LR: 0.00025/[0.00025] - batch loss: 2.46E-01
[17:34:14] TRAINING L:313-<module>: T-It: 10075 - LR: 0.00025/[0.00025] - batch loss: 2.40E-01
[17:34:14] TRAINING L:313-<module>: T-It: 10080 - LR: 0.00025/[0.00025] - batch loss: 2.45E-01
[17:34:14] TRAINING L:313-<module>: T-It: 10085 - LR: 0.00025/[0.00025] - batch loss: 2.41E-01
[17:34:14] TRAINING L:313-<module>: T-It: 10090 - LR: 0.00025/[0.00025] - batch loss: 2.41E-01
[17:34:15] TRAINING L:313-<module>: T-It: 10095 - LR: 0.00025/[0.00025] - batch loss: 2.41E-01
[17:34:15] TRAINING L:313-<module>: T-It: 10100 - LR: 0.00025/[0.00025] - batch loss: 2.45E-01
[17:34:15] INFO L:193-main: Iteration 10100. Start evaluation of validation data.
[17:34:19] INFO L:108-log_metrics: Start validation Logs at iteration 10100
[17:34:28] TRAINING L:313-<module>: Iteration: 10100 - TLoss: 2.73E-01 VLoss: 2.50E-01
[17:34:28] TRAINING L:313-<module>: T-It: 10105 - LR: 0.00025/[0.00025] - batch loss: 2.46E-01
[17:34:28] TRAINING L:313-<module>: T-It: 10110 - LR: 0.00025/[0.00025] - batch loss: 2.44E-01
[17:34:29] TRAINING L:313-<module>: T-It: 10115 - LR: 0.00025/[0.00025] - batch loss: 2.38E-01
[17:34:29] TRAINING L:313-<module>: T-It: 10120 - LR: 0.00025/[0.00025] - batch loss: 2.41E-01
[17:34:29] TRAINING L:313-<module>: T-It: 10125 - LR: 0.00025/[0.00025] - batch loss: 2.41E-01
[17:34:29] TRAINING L:313-<module>: T-It: 10130 - LR: 0.00025/[0.00025] - batch loss: 2.45E-01
[17:34:30] TRAINING L:313-<module>: T-It: 10135 - LR: 0.00025/[0.00025] - batch loss: 2.43E-01
[17:34:30] TRAINING L:313-<module>: T-It: 10140 - LR: 0.00025/[0.00025] - batch loss: 2.37E-01
[17:34:30] TRAINING L:313-<module>: T-It: 10145 - LR: 0.00025/[0.00025] - batch loss: 2.37E-01
[17:34:30] TRAINING L:313-<module>: T-It: 10150 - LR: 0.00025/[0.00025] - batch loss: 2.42E-01
[17:34:31] TRAINING L:313-<module>: T-It: 10155 - LR: 0.00025/[0.00025] - batch loss: 2.43E-01
[17:34:31] TRAINING L:313-<module>: T-It: 10160 - LR: 0.00025/[0.00025] - batch loss: 2.42E-01
[17:34:31] TRAINING L:313-<module>: T-It: 10165 - LR: 0.00025/[0.00025] - batch loss: 2.42E-01
[17:34:31] TRAINING L:313-<module>: T-It: 10170 - LR: 0.00025/[0.00025] - batch loss: 2.39E-01
[17:34:32] TRAINING L:313-<module>: T-It: 10175 - LR: 0.00025/[0.00025] - batch loss: 2.41E-01
[17:34:32] TRAINING L:313-<module>: T-It: 10180 - LR: 0.00025/[0.00025] - batch loss: 2.45E-01
[17:34:32] TRAINING L:313-<module>: T-It: 10185 - LR: 0.00025/[0.00025] - batch loss: 2.40E-01
[17:34:33] TRAINING L:313-<module>: T-It: 10190 - LR: 0.00025/[0.00025] - batch loss: 2.40E-01
[17:34:33] TRAINING L:313-<module>: T-It: 10195 - LR: 0.00025/[0.00025] - batch loss: 2.43E-01
[17:34:33] TRAINING L:313-<module>: T-It: 10200 - LR: 0.00025/[0.00025] - batch loss: 2.43E-01
[17:34:33] INFO L:193-main: Iteration 10200. Start evaluation of validation data.
[17:34:37] INFO L:108-log_metrics: Start validation Logs at iteration 10200
[17:34:46] TRAINING L:313-<module>: Iteration: 10200 - TLoss: 2.73E-01 VLoss: 2.65E-01
[17:34:46] TRAINING L:313-<module>: T-It: 10205 - LR: 0.00025/[0.00025] - batch loss: 2.36E-01
[17:34:47] TRAINING L:313-<module>: T-It: 10210 - LR: 0.00025/[0.00025] - batch loss: 2.43E-01
[17:34:47] TRAINING L:313-<module>: T-It: 10215 - LR: 0.00025/[0.00025] - batch loss: 2.39E-01
[17:34:47] TRAINING L:313-<module>: T-It: 10220 - LR: 0.00025/[0.00025] - batch loss: 2.41E-01
[17:34:47] TRAINING L:313-<module>: T-It: 10225 - LR: 0.00025/[0.00025] - batch loss: 2.41E-01
[17:34:48] TRAINING L:313-<module>: T-It: 10230 - LR: 0.00025/[0.00025] - batch loss: 2.40E-01
[17:34:48] TRAINING L:313-<module>: T-It: 10235 - LR: 0.00025/[0.00025] - batch loss: 2.44E-01
[17:34:48] TRAINING L:313-<module>: T-It: 10240 - LR: 0.00025/[0.00025] - batch loss: 2.38E-01
[17:34:48] TRAINING L:313-<module>: T-It: 10245 - LR: 0.00025/[0.00025] - batch loss: 2.42E-01
[17:34:49] TRAINING L:313-<module>: T-It: 10250 - LR: 0.00025/[0.00025] - batch loss: 2.41E-01
[17:34:49] TRAINING L:313-<module>: T-It: 10255 - LR: 0.00025/[0.00025] - batch loss: 2.44E-01
[17:34:49] TRAINING L:313-<module>: T-It: 10260 - LR: 0.00025/[0.00025] - batch loss: 2.41E-01
[17:34:49] TRAINING L:313-<module>: T-It: 10265 - LR: 0.00025/[0.00025] - batch loss: 2.42E-01
[17:34:50] TRAINING L:313-<module>: T-It: 10270 - LR: 0.00025/[0.00025] - batch loss: 2.43E-01
[17:34:50] TRAINING L:313-<module>: T-It: 10275 - LR: 0.00025/[0.00025] - batch loss: 2.45E-01
[17:34:50] TRAINING L:313-<module>: T-It: 10280 - LR: 0.00025/[0.00025] - batch loss: 2.42E-01
[17:34:50] TRAINING L:313-<module>: T-It: 10285 - LR: 0.00025/[0.00025] - batch loss: 2.40E-01
[17:34:50] TRAINING L:313-<module>: T-It: 10290 - LR: 0.00025/[0.00025] - batch loss: 2.40E-01
[17:34:51] TRAINING L:313-<module>: T-It: 10295 - LR: 0.00025/[0.00025] - batch loss: 2.44E-01
[17:34:51] TRAINING L:313-<module>: T-It: 10300 - LR: 0.00025/[0.00025] - batch loss: 2.39E-01
[17:34:51] INFO L:193-main: Iteration 10300. Start evaluation of validation data.
[17:34:55] INFO L:108-log_metrics: Start validation Logs at iteration 10300
[17:35:04] TRAINING L:313-<module>: Iteration: 10300 - TLoss: 2.73E-01 VLoss: 2.59E-01
[17:35:04] TRAINING L:313-<module>: T-It: 10305 - LR: 0.00025/[0.00025] - batch loss: 2.40E-01
[17:35:04] TRAINING L:313-<module>: T-It: 10310 - LR: 0.00025/[0.00025] - batch loss: 2.38E-01
[17:35:04] TRAINING L:313-<module>: T-It: 10315 - LR: 0.00025/[0.00025] - batch loss: 2.41E-01
[17:35:05] TRAINING L:313-<module>: T-It: 10320 - LR: 0.00025/[0.00025] - batch loss: 2.41E-01
[17:35:05] TRAINING L:313-<module>: T-It: 10325 - LR: 0.00025/[0.00025] - batch loss: 2.41E-01
[17:35:05] TRAINING L:313-<module>: T-It: 10330 - LR: 0.00025/[0.00025] - batch loss: 2.37E-01
[17:35:05] TRAINING L:313-<module>: T-It: 10335 - LR: 0.00025/[0.00025] - batch loss: 2.41E-01
[17:35:06] TRAINING L:313-<module>: T-It: 10340 - LR: 0.00025/[0.00025] - batch loss: 2.42E-01
[17:35:06] TRAINING L:313-<module>: T-It: 10345 - LR: 0.00025/[0.00025] - batch loss: 2.41E-01
[17:35:06] TRAINING L:313-<module>: T-It: 10350 - LR: 0.00025/[0.00025] - batch loss: 2.45E-01
[17:35:06] TRAINING L:313-<module>: T-It: 10355 - LR: 0.00025/[0.00025] - batch loss: 2.40E-01
[17:35:07] TRAINING L:313-<module>: T-It: 10360 - LR: 0.00025/[0.00025] - batch loss: 2.41E-01
[17:35:07] TRAINING L:313-<module>: T-It: 10365 - LR: 0.00025/[0.00025] - batch loss: 2.40E-01
[17:35:07] TRAINING L:313-<module>: T-It: 10370 - LR: 0.00025/[0.00025] - batch loss: 2.42E-01
[17:35:07] TRAINING L:313-<module>: T-It: 10375 - LR: 0.00025/[0.00025] - batch loss: 2.44E-01
[17:35:08] TRAINING L:313-<module>: T-It: 10380 - LR: 0.00025/[0.00025] - batch loss: 2.43E-01
[17:35:08] TRAINING L:313-<module>: T-It: 10385 - LR: 0.00025/[0.00025] - batch loss: 2.42E-01
[17:35:08] TRAINING L:313-<module>: T-It: 10390 - LR: 0.00025/[0.00025] - batch loss: 2.34E-01
[17:35:08] TRAINING L:313-<module>: T-It: 10395 - LR: 0.00025/[0.00025] - batch loss: 2.47E-01
[17:35:08] TRAINING L:313-<module>: T-It: 10400 - LR: 0.00025/[0.00025] - batch loss: 2.43E-01
[17:35:08] INFO L:193-main: Iteration 10400. Start evaluation of validation data.
[17:35:13] INFO L:108-log_metrics: Start validation Logs at iteration 10400
[17:35:22] TRAINING L:313-<module>: Iteration: 10400 - TLoss: 2.73E-01 VLoss: 2.56E-01
[17:35:22] INFO L:78-_reload_after_lr_drop: 0.00025 -> 0.0002
Reload model and optimizer from iteration 4100
[17:35:22] TRAINING L:313-<module>: T-It: 10405 - LR: 0.0002/[0.0002] - batch loss: 2.37E-01
[17:35:22] TRAINING L:313-<module>: T-It: 10410 - LR: 0.0002/[0.0002] - batch loss: 2.45E-01
[17:35:23] TRAINING L:313-<module>: T-It: 10415 - LR: 0.0002/[0.0002] - batch loss: 2.35E-01
[17:35:23] TRAINING L:313-<module>: T-It: 10420 - LR: 0.0002/[0.0002] - batch loss: 2.41E-01
[17:35:23] TRAINING L:313-<module>: T-It: 10425 - LR: 0.0002/[0.0002] - batch loss: 2.40E-01
[17:35:23] TRAINING L:313-<module>: T-It: 10430 - LR: 0.0002/[0.0002] - batch loss: 2.42E-01
[17:35:24] TRAINING L:313-<module>: T-It: 10435 - LR: 0.0002/[0.0002] - batch loss: 2.42E-01
[17:35:24] TRAINING L:313-<module>: T-It: 10440 - LR: 0.0002/[0.0002] - batch loss: 2.40E-01
[17:35:24] TRAINING L:313-<module>: T-It: 10445 - LR: 0.0002/[0.0002] - batch loss: 2.42E-01
[17:35:24] TRAINING L:313-<module>: T-It: 10450 - LR: 0.0002/[0.0002] - batch loss: 2.48E-01
[17:35:24] TRAINING L:313-<module>: T-It: 10455 - LR: 0.0002/[0.0002] - batch loss: 2.40E-01
[17:35:25] TRAINING L:313-<module>: T-It: 10460 - LR: 0.0002/[0.0002] - batch loss: 2.46E-01
[17:35:25] TRAINING L:313-<module>: T-It: 10465 - LR: 0.0002/[0.0002] - batch loss: 2.38E-01
[17:35:25] TRAINING L:313-<module>: T-It: 10470 - LR: 0.0002/[0.0002] - batch loss: 2.45E-01
[17:35:25] TRAINING L:313-<module>: T-It: 10475 - LR: 0.0002/[0.0002] - batch loss: 2.41E-01
[17:35:26] TRAINING L:313-<module>: T-It: 10480 - LR: 0.0002/[0.0002] - batch loss: 2.39E-01
[17:35:26] TRAINING L:313-<module>: T-It: 10485 - LR: 0.0002/[0.0002] - batch loss: 2.39E-01
[17:35:26] TRAINING L:313-<module>: T-It: 10490 - LR: 0.0002/[0.0002] - batch loss: 2.43E-01
[17:35:26] TRAINING L:313-<module>: T-It: 10495 - LR: 0.0002/[0.0002] - batch loss: 2.43E-01
[17:35:27] TRAINING L:313-<module>: T-It: 10500 - LR: 0.0002/[0.0002] - batch loss: 2.41E-01
[17:35:27] INFO L:146-main: Iteration 10500. Start evaluation of training data.
[17:35:39] INFO L:108-log_metrics: Start train Logs at iteration 10500
[17:36:00] INFO L:193-main: Iteration 10500. Start evaluation of validation data.
[17:36:04] INFO L:108-log_metrics: Start validation Logs at iteration 10500
[17:36:13] TRAINING L:313-<module>: Iteration: 10500 - TLoss: 2.71E-01 VLoss: 2.60E-01
